,id,genotype
0,hCoV-19/USA/NY-Wadsworth-29275-01/2020|EPI_ISL_426314|2020-03-25|albany,GGG
1,hCoV-19/USA/NY-NYUMC35/2020|EPI_ISL_419696|2020-03-18|manhattan,GGG
2,hCoV-19/USA/NY-NYUMC36/2020|EPI_ISL_419697|2020-03-18|manhattan,GGG
3,hCoV-19/USA/NY-NYUMC37/2020|EPI_ISL_419698|2020-03-18|manhattan,GGG
4,hCoV-19/USA/NY-NYUMC53/2020|EPI_ISL_420308|2020-03-19|manhattan,GGG
5,hCoV-19/USA/NY-NYUMC54/2020|EPI_ISL_420309|2020-03-19|manhattan,AAC
6,hCoV-19/USA/NY-NYUMC62/2020|EPI_ISL_420577|2020-03-18|manhattan,GGG
7,hCoV-19/USA/NY-NYUMC63/2020|EPI_ISL_420578|2020-03-18|manhattan,GGG
8,hCoV-19/USA/NY-NYUMC64/2020|EPI_ISL_420579|2020-03-18|manhattan,GGG
9,hCoV-19/USA/NY-NYUMC66/2020|EPI_ISL_420581|2020-03-18|manhattan,GGG
10,hCoV-19/USA/NY-NYUMC69/2020|EPI_ISL_420585|2020-03-18|manhattan,GGG
11,hCoV-19/USA/NY-NYUMC71/2020|EPI_ISL_420587|2020-03-18|manhattan,AAC
12,hCoV-19/USA/NY-NYUMC72/2020|EPI_ISL_420588|2020-03-18|manhattan,GGG
13,hCoV-19/USA/NY-NYUMC73/2020|EPI_ISL_420589|2020-03-18|manhattan,GGG
14,hCoV-19/USA/NY-NYUMC75/2020|EPI_ISL_420591|2020-03-18|manhattan,AAC
15,hCoV-19/USA/NY-PV08449/2020|EPI_ISL_421400|2020-03-17|manhattan,GGG
16,hCoV-19/USA/NY-PV08452/2020|EPI_ISL_421402|2020-03-18|manhattan,GGG
17,hCoV-19/USA/NY-PV08453/2020|EPI_ISL_421403|2020-03-17|manhattan,GGG
18,hCoV-19/USA/NY-PV08455/2020|EPI_ISL_421404|2020-03-17|manhattan,GGG
19,hCoV-19/USA/NY-PV08456/2020|EPI_ISL_421405|2020-03-17|manhattan,GGG
20,hCoV-19/USA/NY-PV08459/2020|EPI_ISL_421406|2020-03-18|manhattan,GGG
21,hCoV-19/USA/NY-PV08461/2020|EPI_ISL_421407|2020-03-18|manhattan,GGG
22,hCoV-19/USA/NY-PV08463/2020|EPI_ISL_421409|2020-03-18|manhattan,GGG
23,hCoV-19/USA/NY-PV08464/2020|EPI_ISL_421410|2020-03-18|manhattan,GGG
24,hCoV-19/USA/NY-PV08468/2020|EPI_ISL_421412|2020-03-18|manhattan,GGG
25,hCoV-19/USA/NY-PV08469/2020|EPI_ISL_421413|2020-03-18|manhattan,GGG
26,hCoV-19/USA/NY-PV08473/2020|EPI_ISL_421416|2020-03-18|manhattan,GGG
27,hCoV-19/USA/NY-PV08477/2020|EPI_ISL_421419|2020-03-18|manhattan,GGG
28,hCoV-19/USA/NY-PV08492/2020|EPI_ISL_421428|2020-03-18|manhattan,GGG
29,hCoV-19/USA/NY-PV08493/2020|EPI_ISL_421429|2020-03-17|manhattan,GGG
30,hCoV-19/USA/NY-PV08494/2020|EPI_ISL_421430|2020-03-17|manhattan,GGG
31,hCoV-19/USA/NY-PV08495/2020|EPI_ISL_421431|2020-03-18|manhattan,AAC
32,hCoV-19/USA/NY-PV08500/2020|EPI_ISL_421434|2020-03-17|manhattan,GGG
33,hCoV-19/USA/NY-PV09060/2020|EPI_ISL_421612|2020-03-20|manhattan,GGG
34,hCoV-19/USA/NY-PV09063/2020|EPI_ISL_421614|2020-03-20|manhattan,GGG
35,hCoV-19/USA/NY-PV09064/2020|EPI_ISL_421615|2020-03-20|manhattan,GGG
36,hCoV-19/USA/NY-PV09067/2020|EPI_ISL_421616|2020-03-20|manhattan,GGG
37,hCoV-19/USA/NY-PV09068/2020|EPI_ISL_421617|2020-03-20|manhattan,GGG
38,hCoV-19/USA/NY-PV09073/2020|EPI_ISL_421620|2020-03-20|manhattan,GGG
39,hCoV-19/USA/NY-PV09075/2020|EPI_ISL_421621|2020-03-20|manhattan,AAC
40,hCoV-19/USA/NY-PV09079/2020|EPI_ISL_421624|2020-03-20|manhattan,GGG
41,hCoV-19/USA/NY-PV09102/2020|EPI_ISL_421634|2020-03-21|manhattan,GGG
42,hCoV-19/USA/NY-PV09103/2020|EPI_ISL_421635|2020-03-21|manhattan,GGG
43,hCoV-19/USA/NY-NYUMC120/2020|EPI_ISL_421732|2020-03-18|manhattan,GGG
44,hCoV-19/USA/NY-PV09128/2020|EPI_ISL_422502|2020-03-19|manhattan,GGG
45,hCoV-19/USA/NY-PV09130/2020|EPI_ISL_422504|2020-03-19|manhattan,GGG
46,hCoV-19/USA/NY-PV09132/2020|EPI_ISL_422505|2020-03-19|manhattan,GGG
47,hCoV-19/USA/NY-PV09134/2020|EPI_ISL_422506|2020-03-19|manhattan,GGG
48,hCoV-19/USA/NY-PV09140/2020|EPI_ISL_422511|2020-03-20|manhattan,GGG
49,hCoV-19/USA/NY-PV09142/2020|EPI_ISL_422513|2020-03-20|manhattan,GGG
50,hCoV-19/USA/NY-PV09143/2020|EPI_ISL_422514|2020-03-20|manhattan,GGG
51,hCoV-19/USA/NY-PV09144/2020|EPI_ISL_422515|2020-03-20|manhattan,GGG
52,hCoV-19/USA/NY-PV09147/2020|EPI_ISL_422517|2020-03-20|manhattan,GGG
53,hCoV-19/USA/NY-PV09154/2020|EPI_ISL_422522|2020-03-22|manhattan,GGG
54,hCoV-19/USA/NY-PV09157/2020|EPI_ISL_422524|2020-03-22|manhattan,GGG
55,hCoV-19/USA/NY-PV09168/2020|EPI_ISL_422530|2020-03-22|manhattan,GGG
56,hCoV-19/USA/NY-PV09169/2020|EPI_ISL_422531|2020-03-19|manhattan,GGG
57,hCoV-19/USA/NY-PV09171/2020|EPI_ISL_422533|2020-03-19|manhattan,GGG
58,hCoV-19/USA/NY-PV09178/2020|EPI_ISL_422537|2020-03-19|manhattan,GGG
59,hCoV-19/USA/NY-PV09181/2020|EPI_ISL_422540|2020-03-19|manhattan,GGG
60,hCoV-19/USA/NY-PV09182/2020|EPI_ISL_422541|2020-03-19|manhattan,AAC
61,hCoV-19/USA/NY-PV09190/2020|EPI_ISL_422547|2020-03-20|manhattan,GGG
62,hCoV-19/USA/NY-PV09193/2020|EPI_ISL_422549|2020-03-20|manhattan,GGG
63,hCoV-19/USA/NY-PV09197/2020|EPI_ISL_422552|2020-03-20|manhattan,GGG
64,hCoV-19/USA/NY-PV09198/2020|EPI_ISL_422553|2020-03-20|manhattan,GGG
65,hCoV-19/USA/NY-PV09200/2020|EPI_ISL_422555|2020-03-22|manhattan,GGG
66,hCoV-19/USA/NY-NYUMC122/2020|EPI_ISL_424929|2020-03-31|manhattan,GGG
67,hCoV-19/USA/NY-NYUMC142/2020|EPI_ISL_424949|2020-04-01|manhattan,GGG
68,hCoV-19/USA/NY-NYUMC151/2020|EPI_ISL_424958|2020-04-01|manhattan,GGG
69,hCoV-19/USA/NY-NYUMC172/2020|EPI_ISL_427469|2020-04-01|manhattan,AAC
70,hCoV-19/USA/NY-NYUMC178/2020|EPI_ISL_427474|2020-04-01|manhattan,GGG
71,hCoV-19/USA/NY-NYUMC182/2020|EPI_ISL_427478|2020-04-01|manhattan,GGG
72,hCoV-19/USA/NY-NYUMC183/2020|EPI_ISL_427479|2020-04-01|manhattan,GGG
73,hCoV-19/USA/NY-NYUMC185/2020|EPI_ISL_427481|2020-04-01|manhattan,GGG
74,hCoV-19/USA/NY-NYUMC195/2020|EPI_ISL_427490|2020-04-01|manhattan,GGG
75,hCoV-19/USA/NY-WCMP10F06P/2020|EPI_ISL_427573|2020-03-15|manhattan,GGG
76,hCoV-19/USA/NY-WCMP10F09P/2020|EPI_ISL_427574|2020-03-15|manhattan,GGG
77,hCoV-19/USA/NY-WCMP10H01P/2020|EPI_ISL_427580|2020-03-15|manhattan,GGG
78,hCoV-19/USA/NY-WCMP10H08P/2020|EPI_ISL_427582|2020-03-15|manhattan,GGG
79,hCoV-19/USA/NY-WCMP11C05P/2020|EPI_ISL_427590|2020-03-16|manhattan,GGG
80,hCoV-19/USA/NY-NYUMC300/2020|EPI_ISL_430327|2020-03-30|manhattan,GGG
81,hCoV-19/USA/NY-NYUMC304/2020|EPI_ISL_430331|2020-03-30|manhattan,GGG
82,hCoV-19/USA/NY-NYUMC309/2020|EPI_ISL_430336|2020-03-30|manhattan,GGG
83,hCoV-19/USA/NY-NYUMC310/2020|EPI_ISL_430337|2020-03-30|manhattan,GGG
84,hCoV-19/USA/NY-NYUMC312/2020|EPI_ISL_430339|2020-03-30|manhattan,GGG
85,hCoV-19/USA/NY-NYUMC316/2020|EPI_ISL_430343|2020-03-30|manhattan,GGG
86,hCoV-19/USA/NY-NYUMC318/2020|EPI_ISL_430345|2020-03-30|manhattan,GGG
87,hCoV-19/USA/NY-NYUMC320/2020|EPI_ISL_430347|2020-03-30|manhattan,GGG
88,hCoV-19/USA/NY-NYUMC321/2020|EPI_ISL_430348|2020-03-30|manhattan,GGG
89,hCoV-19/USA/NY-NYUMC331/2020|EPI_ISL_430358|2020-04-13|manhattan,GGG
90,hCoV-19/USA/NY-NYUMC342/2020|EPI_ISL_430369|2020-04-08|manhattan,GGG
91,hCoV-19/USA/NY-NYUMC366/2020|EPI_ISL_430393|2020-04-09|manhattan,GGG
92,hCoV-19/USA/NY-NYUMC379/2020|EPI_ISL_430406|2020-04-10|manhattan,GGG
93,hCoV-19/USA/NY-NYUMC388/2020|EPI_ISL_430415|2020-04-10|manhattan,GGG
94,hCoV-19/USA/NY-NYUMC389/2020|EPI_ISL_430416|2020-04-13|manhattan,GGG
95,hCoV-19/USA/NY-NYUMC498/2020|EPI_ISL_444615|2020-04-03|manhattan,GGG
96,hCoV-19/USA/NY-NYUMC503/2020|EPI_ISL_444620|2020-03-30|manhattan,GGG
97,hCoV-19/USA/NY-NYUMC516/2020|EPI_ISL_444633|2020-03-30|manhattan,GGG
98,hCoV-19/USA/NY-NYUMC518/2020|EPI_ISL_444635|2020-03-30|manhattan,GGG
99,hCoV-19/USA/NY-NYUMC520/2020|EPI_ISL_444637|2020-03-30|manhattan,GGG
100,hCoV-19/USA/NY-NYUMC522/2020|EPI_ISL_444639|2020-03-30|manhattan,GGG
101,hCoV-19/USA/NY-NYUMC523/2020|EPI_ISL_444640|2020-03-30|manhattan,GGG
102,hCoV-19/USA/NY-NYUMC526/2020|EPI_ISL_444643|2020-03-29|manhattan,GGG
103,hCoV-19/USA/NY-NYUMC534/2020|EPI_ISL_444651|2020-03-29|manhattan,GGG
104,hCoV-19/USA/NY-NYUMC537/2020|EPI_ISL_444654|2020-03-30|manhattan,GGG
105,hCoV-19/USA/NY-NYUMC554/2020|EPI_ISL_444671|2020-03-30|manhattan,GGG
106,hCoV-19/USA/NY-NYUMC562/2020|EPI_ISL_444679|2020-03-30|manhattan,GGG
107,hCoV-19/USA/NY-NYUMC568/2020|EPI_ISL_444685|2020-03-30|manhattan,GGG
108,hCoV-19/USA/NY-NYUMC599/2020|EPI_ISL_444716|2020-04-03|manhattan,GGG
109,hCoV-19/USA/NY-NYUMC606/2020|EPI_ISL_444723|2020-04-03|manhattan,GGG
110,hCoV-19/USA/NY-NYUMC608/2020|EPI_ISL_444725|2020-04-02|manhattan,GGG
111,hCoV-19/USA/NY-NYUMC609/2020|EPI_ISL_444726|2020-04-02|manhattan,GGG
112,hCoV-19/USA/NY-NYUMC610/2020|EPI_ISL_444727|2020-04-02|manhattan,AAC
113,hCoV-19/USA/NY-NYUMC622/2020|EPI_ISL_444739|2020-04-02|manhattan,GGG
114,hCoV-19/USA/NY-NYUMC624/2020|EPI_ISL_444741|2020-04-02|manhattan,GGG
115,hCoV-19/USA/NY-NYUMC632/2020|EPI_ISL_444749|2020-04-02|manhattan,GGG
116,hCoV-19/USA/NY-NYUMC639/2020|EPI_ISL_444756|2020-04-02|manhattan,GGG
117,hCoV-19/USA/NY-NYUMC658/2020|EPI_ISL_444775|2020-03-17|manhattan,GGG
118,hCoV-19/USA/NY-NYUMC672/2020|EPI_ISL_444789|2020-03-18|manhattan,GGG
119,hCoV-19/USA/NY-NYUMC674/2020|EPI_ISL_444791|2020-03-18|manhattan,GGG
120,hCoV-19/USA/NY-NYUMC709/2020|EPI_ISL_451424|2020-03-20|manhattan,GGG
121,hCoV-19/USA/NY-NYUMC719/2020|EPI_ISL_451434|2020-03-21|manhattan,GGG
122,hCoV-19/USA/NY-NYUMC722/2020|EPI_ISL_451437|2020-03-26|manhattan,GGG
123,hCoV-19/USA/NY-NYUMC727/2020|EPI_ISL_451442|2020-03-26|manhattan,GGG
124,hCoV-19/USA/NY-NYUMC738/2020|EPI_ISL_451453|2020-03-22|manhattan,GGG
125,hCoV-19/USA/NY-NYUMC744/2020|EPI_ISL_451459|2020-03-20|manhattan,GGG
126,hCoV-19/USA/NY-NYUMC927/2020|EPI_ISL_467420|2020-03-17|manhattan,GGG
127,hCoV-19/USA/NY-NYUMC7/2020|EPI_ISL_418192|2020-03-16|manhattan,GGG
128,hCoV-19/USA/NY-NYUMC8/2020|EPI_ISL_418193|2020-03-17|manhattan,GGG
129,hCoV-19/USA/NY-NYUMC11/2020|EPI_ISL_418196|2020-03-14|manhattan,GGG
130,hCoV-19/USA/NY-NYUMC12/2020|EPI_ISL_418197|2020-03-15|manhattan,GGG
131,hCoV-19/USA/NY-NYUMC13/2020|EPI_ISL_418198|2020-03-17|manhattan,GGG
132,hCoV-19/USA/NY-NYUMC14/2020|EPI_ISL_418199|2020-03-17|manhattan,GGG
133,hCoV-19/USA/NY-NYUMC18/2020|EPI_ISL_418203|2020-03-17|manhattan,GGG
134,hCoV-19/USA/NY-NYUMC19/2020|EPI_ISL_418204|2020-03-17|manhattan,GGG
135,hCoV-19/USA/NY-NYUMC26/2020|EPI_ISL_418972|2020-03-17|manhattan,GGG
136,hCoV-19/USA/NY-NYUMC27/2020|EPI_ISL_418973|2020-03-17|manhattan,GGG
137,hCoV-19/USA/NY-NYUMC28/2020|EPI_ISL_418974|2020-03-17|manhattan,GGG
138,hCoV-19/USA/NY-NYUMC30/2020|EPI_ISL_418976|2020-03-17|manhattan,GGG
139,hCoV-19/USA/NY-NYUMC31/2020|EPI_ISL_418977|2020-03-17|manhattan,GGG
140,hCoV-19/USA/NY-NYUMC32/2020|EPI_ISL_418978|2020-03-17|manhattan,GGG
141,hCoV-19/USA/NY-NYUMC39/2020|EPI_ISL_419700|2020-03-18|manhattan,GGG
142,hCoV-19/USA/NY-NYUMC42/2020|EPI_ISL_419703|2020-03-18|manhattan,GGG
143,hCoV-19/USA/NY-NYUMC43/2020|EPI_ISL_419704|2020-03-18|manhattan,GGG
144,hCoV-19/USA/NY-NYUMC44/2020|EPI_ISL_419705|2020-03-18|manhattan,GGG
145,hCoV-19/USA/NY-PV08109/2020|EPI_ISL_421348|2020-03-17|manhattan,GGG
146,hCoV-19/USA/NY-PV08122/2020|EPI_ISL_421351|2020-03-11|manhattan,AAC
147,hCoV-19/USA/NY-PV08123/2020|EPI_ISL_421352|2020-03-14|manhattan,AAC
148,hCoV-19/USA/NY-PV08124/2020|EPI_ISL_421353|2020-03-14|manhattan,AAC
149,hCoV-19/USA/NY-PV08125/2020|EPI_ISL_421354|2020-03-13|manhattan,GGG
150,hCoV-19/USA/NY-PV08127/2020|EPI_ISL_421355|2020-03-14|manhattan,GGG
151,hCoV-19/USA/NY-PV08135/2020|EPI_ISL_421357|2020-03-17|manhattan,GGG
152,hCoV-19/USA/NY-PV08136/2020|EPI_ISL_421358|2020-03-17|manhattan,GGG
153,hCoV-19/USA/NY-PV08146/2020|EPI_ISL_421364|2020-03-17|manhattan,GGG
154,hCoV-19/USA/NY-PV08150/2020|EPI_ISL_421367|2020-03-17|manhattan,GGG
155,hCoV-19/USA/NY-PV08401/2020|EPI_ISL_421369|2020-03-16|manhattan,GGG
156,hCoV-19/USA/NY-PV08415/2020|EPI_ISL_421378|2020-03-16|manhattan,GGG
157,hCoV-19/USA/NY-PV08429/2020|EPI_ISL_421387|2020-03-19|manhattan,GGG
158,hCoV-19/USA/NY-PV08435/2020|EPI_ISL_421390|2020-03-18|manhattan,GGG
159,hCoV-19/USA/NY-PV08436/2020|EPI_ISL_421391|2020-03-18|manhattan,GGG
160,hCoV-19/USA/NY-PV08443/2020|EPI_ISL_421394|2020-03-17|manhattan,GGG
161,hCoV-19/USA/NY-PV08444/2020|EPI_ISL_421395|2020-03-17|manhattan,GGG
162,hCoV-19/USA/NY-PV08445/2020|EPI_ISL_421396|2020-03-18|manhattan,GGG
163,hCoV-19/USA/NY-PV08446/2020|EPI_ISL_421397|2020-03-17|manhattan,GGG
164,hCoV-19/USA/NY-PV08447/2020|EPI_ISL_421398|2020-03-17|manhattan,GGG
165,hCoV-19/USA/NY-PV08448/2020|EPI_ISL_421399|2020-03-17|manhattan,GGG
166,hCoV-19/USA/NY-PV09025/2020|EPI_ISL_421598|2020-03-21|manhattan,GGG
167,hCoV-19/USA/NY-PV09028/2020|EPI_ISL_421599|2020-03-21|manhattan,GGG
168,hCoV-19/USA/NY-PV09029/2020|EPI_ISL_421600|2020-03-21|manhattan,GGG
169,hCoV-19/USA/NY-NYUMC112/2020|EPI_ISL_421724|2020-03-18|manhattan,AAC
170,hCoV-19/USA/NY-NYUMC114/2020|EPI_ISL_421726|2020-03-18|manhattan,GGG
171,hCoV-19/USA/NY-PV09045/2020|EPI_ISL_422488|2020-03-21|manhattan,GGG
172,hCoV-19/USA/NY-PV09119/2020|EPI_ISL_422494|2020-03-19|manhattan,GGG
173,hCoV-19/USA/NY-PV09303/2020|EPI_ISL_422557|2020-03-21|manhattan,GGG
174,hCoV-19/USA/NY-PV09308/2020|EPI_ISL_422561|2020-03-22|manhattan,AAC
175,hCoV-19/USA/NY-NYUMC167/2020|EPI_ISL_426622|2020-04-01|manhattan,GGG
176,hCoV-19/USA/NY-NYUMC168/2020|EPI_ISL_426623|2020-04-01|manhattan,GGG
177,hCoV-19/USA/NY-NYUMC214/2020|EPI_ISL_427509|2020-04-03|manhattan,GGG
178,hCoV-19/USA/NY-NYUMC220/2020|EPI_ISL_427515|2020-03-18|manhattan,GGG
179,hCoV-19/USA/NY-NYUMC221/2020|EPI_ISL_427516|2020-03-18|manhattan,GGG
180,hCoV-19/USA/NY-WCMP2D02P/2020|EPI_ISL_427527|2020-03-12|manhattan,GGG
181,hCoV-19/USA/NY-WCMP2D04P/2020|EPI_ISL_427528|2020-03-12|manhattan,GGG
182,hCoV-19/USA/NY-WCMP4H03P/2020|EPI_ISL_427539|2020-03-13|manhattan,GGG
183,hCoV-19/USA/NY-WCMP5H03P/2020|EPI_ISL_427543|2020-03-13|manhattan,GGG
184,hCoV-19/USA/NY-WCMP10B07N/2020|EPI_ISL_427558|2020-03-15|manhattan,GGG
185,hCoV-19/USA/NY-WCMP12F03P/2020|EPI_ISL_427611|2020-03-16|manhattan,GGG
186,hCoV-19/USA/NY-NYUMC244/2020|EPI_ISL_428758|2020-04-03|manhattan,GGG
187,hCoV-19/USA/NY-NYUMC252/2020|EPI_ISL_428766|2020-04-03|manhattan,GGG
188,hCoV-19/USA/NY-NYUMC398/2020|EPI_ISL_430425|2020-04-13|manhattan,GGG
189,hCoV-19/USA/NY-NYUMC399/2020|EPI_ISL_430426|2020-04-13|manhattan,GGG
190,hCoV-19/USA/NY-NYUMC412/2020|EPI_ISL_435479|2020-03-30|manhattan,GGG
191,hCoV-19/USA/NY-NYUMC414/2020|EPI_ISL_435481|2020-03-30|manhattan,GGG
192,hCoV-19/USA/NY-NYUMC415/2020|EPI_ISL_435482|2020-03-30|manhattan,GGG
193,hCoV-19/USA/NY-NYUMC427/2020|EPI_ISL_435494|2020-04-16|manhattan,GGG
194,hCoV-19/USA/NY-NYUMC440/2020|EPI_ISL_435507|2020-04-15|manhattan,AAC
195,hCoV-19/USA/NY-NYUMC447/2020|EPI_ISL_435514|2020-04-15|manhattan,GGG
196,hCoV-19/USA/NY-NYUMC685/2020|EPI_ISL_450402|2020-04-02|manhattan,GGG
197,hCoV-19/USA/NY-NYUMC752/2020|EPI_ISL_451466|2020-03-26|manhattan,AAC
198,hCoV-19/USA/NY-NYUMC769/2020|EPI_ISL_456006|2020-03-27|manhattan,GGG
199,hCoV-19/USA/NY-NYUMC781/2020|EPI_ISL_456018|2020-03-27|manhattan,GGG
200,hCoV-19/USA/NY-NYUMC794/2020|EPI_ISL_456030|2020-03-27|manhattan,GGG
201,hCoV-19/USA/NY-NYUMC820/2020|EPI_ISL_456056|2020-03-20|manhattan,GGG
202,hCoV-19/USA/NY-NYUMC834/2020|EPI_ISL_456107|2020-04-25|manhattan,GGG
203,hCoV-19/USA/NY-NYUMC898/2020|EPI_ISL_467391|2020-04-22|manhattan,GGG
204,hCoV-19/USA/NY-NYUMC903/2020|EPI_ISL_467396|2020-04-26|manhattan,GGG
205,hCoV-19/USA/NY-Wadsworth-16004-01/2020|EPI_ISL_426306|2020-03-15|richmond,GGG
206,hCoV-19/USA/NY-NYUMC51/2020|EPI_ISL_420302|2020-03-18|bronx,GGG
207,hCoV-19/USA/NY-PV08148/2020|EPI_ISL_421365|2020-03-14|bronx,GGG
208,hCoV-19/USA/NY-PV08416/2020|EPI_ISL_421379|2020-03-17|bronx,GGG
209,hCoV-19/USA/NY-PV08428/2020|EPI_ISL_421386|2020-03-19|bronx,GGG
210,hCoV-19/USA/NY-PV08462/2020|EPI_ISL_421408|2020-03-18|bronx,GGG
211,hCoV-19/USA/NY-PV08471/2020|EPI_ISL_421414|2020-03-18|bronx,GGG
212,hCoV-19/USA/NY-PV08478/2020|EPI_ISL_421420|2020-03-18|bronx,GGG
213,hCoV-19/USA/NY-PV09000/2020|EPI_ISL_421435|2020-03-18|bronx,GGG
214,hCoV-19/USA/NY-NYUMC78/2020|EPI_ISL_421579|2020-03-18|bronx,GGG
215,hCoV-19/USA/NY-PV09039/2020|EPI_ISL_421604|2020-03-21|bronx,GGG
216,hCoV-19/USA/NY-PV09044/2020|EPI_ISL_421607|2020-03-21|bronx,GGG
217,hCoV-19/USA/NY-PV09061/2020|EPI_ISL_421613|2020-03-20|bronx,GGG
218,hCoV-19/USA/NY-NYUMC98/2020|EPI_ISL_421710|2020-03-18|bronx,GGG
219,hCoV-19/USA/NY-NYUMC121/2020|EPI_ISL_421733|2020-03-18|bronx,GGG
220,hCoV-19/USA/NY-PV09156/2020|EPI_ISL_422523|2020-03-21|bronx,GGG
221,hCoV-19/USA/NY-PV09180/2020|EPI_ISL_422539|2020-03-19|bronx,GGG
222,hCoV-19/USA/NY-PV09183/2020|EPI_ISL_422542|2020-03-19|bronx,GGG
223,hCoV-19/USA/NY-PV09186/2020|EPI_ISL_422543|2020-03-20|bronx,GGG
224,hCoV-19/USA/NY-PV09192/2020|EPI_ISL_422548|2020-03-20|bronx,GGG
225,hCoV-19/USA/NY-PV09194/2020|EPI_ISL_422550|2020-03-20|bronx,GGG
226,hCoV-19/USA/NY-PV09195/2020|EPI_ISL_422551|2020-03-20|bronx,GGG
227,hCoV-19/USA/NY-PV09309/2020|EPI_ISL_422562|2020-03-22|bronx,GGG
228,hCoV-19/USA/NY-NYUMC150/2020|EPI_ISL_424957|2020-04-01|bronx,AAC
229,hCoV-19/USA/NY-NYUMC156/2020|EPI_ISL_424963|2020-04-01|bronx,GGG
230,hCoV-19/USA/NY-NYUMC161/2020|EPI_ISL_424968|2020-04-01|bronx,GGG
231,hCoV-19/USA/NY-Wadsworth-11344-01/2020|EPI_ISL_426045|2020-03-06|bronx,GGG
232,hCoV-19/USA/NY-Wadsworth-11736-02/2020|EPI_ISL_426311|2020-03-08|bronx,GGG
233,hCoV-19/USA/NY-Wadsworth-16166-01/2020|EPI_ISL_426319|2020-03-15|bronx,GGG
234,hCoV-19/USA/NY-NYUMC199/2020|EPI_ISL_427494|2020-04-01|bronx,GGG
235,hCoV-19/USA/NY-NYUMC176/2020|EPI_ISL_427524|2020-04-01|bronx,GGG
236,hCoV-19/USA/NY-NYUMC403/2020|EPI_ISL_430430|2020-04-13|bronx,GGG
237,hCoV-19/USA/NY-NYUMC419/2020|EPI_ISL_435486|2020-03-30|bronx,GGG
238,hCoV-19/USA/NY-NYUMC426/2020|EPI_ISL_435493|2020-04-14|bronx,GGG
239,hCoV-19/USA/NY-NYUMC457/2020|EPI_ISL_435523|2020-04-20|bronx,GGG
240,hCoV-19/USA/NY-NYUMC517/2020|EPI_ISL_444634|2020-03-30|bronx,GGG
241,hCoV-19/USA/NY-NYUMC519/2020|EPI_ISL_444636|2020-03-30|bronx,GGG
242,hCoV-19/USA/NY-NYUMC524/2020|EPI_ISL_444641|2020-03-30|bronx,GGG
243,hCoV-19/USA/NY-NYUMC549/2020|EPI_ISL_444666|2020-03-30|bronx,GGG
244,hCoV-19/USA/NY-NYUMC591/2020|EPI_ISL_444708|2020-04-01|bronx,GGG
245,hCoV-19/USA/NY-NYUMC607/2020|EPI_ISL_444724|2020-04-02|bronx,GGG
246,hCoV-19/USA/NY-NYUMC613/2020|EPI_ISL_444730|2020-04-02|bronx,GGG
247,hCoV-19/USA/NY-NYUMC621/2020|EPI_ISL_444738|2020-04-02|bronx,GGG
248,hCoV-19/USA/NY-NYUMC623/2020|EPI_ISL_444740|2020-04-02|bronx,AAC
249,hCoV-19/USA/NY-NYUMC637/2020|EPI_ISL_444754|2020-04-02|bronx,GGG
250,hCoV-19/USA/NY-NYUMC667/2020|EPI_ISL_444784|2020-03-18|bronx,GGG
251,hCoV-19/USA/NY-NYUMC681/2020|EPI_ISL_450398|2020-03-30|bronx,GGG
252,hCoV-19/USA/NY-NYUMC723/2020|EPI_ISL_451438|2020-03-26|bronx,GAC
253,hCoV-19/USA/NY-NYUMC739/2020|EPI_ISL_451454|2020-03-26|bronx,GGG
254,hCoV-19/USA/NY-NYUMC792/2020|EPI_ISL_456028|2020-03-27|bronx,GGG
255,hCoV-19/USA/NY-NYUMC809/2020|EPI_ISL_456045|2020-03-27|bronx,GGG
256,hCoV-19/USA/NY-NYUMC825/2020|EPI_ISL_456061|2020-03-27|bronx,GGG
257,hCoV-19/USA/NY-Wadsworth-30246-01/2020|EPI_ISL_426308|2020-03-26|montgomery,GGG
258,hCoV-19/USA/NY-NYUMC134/2020|EPI_ISL_424941|2020-04-01|rockland,GGG
259,hCoV-19/USA/NY-Wadsworth-10957-02/2020|EPI_ISL_426035|2020-03-04|rockland,GGG
260,hCoV-19/USA/NY-Wadsworth-10958-01/2020|EPI_ISL_426036|2020-03-04|rockland,GGG
261,hCoV-19/USA/NY-Wadsworth-16833-01/2020|EPI_ISL_426316|2020-03-15|rockland,GGG
262,hCoV-19/USA/NY-NYUMC387/2020|EPI_ISL_430414|2020-04-10|rockland,GGG
263,hCoV-19/USA/NY-NYUMC509/2020|EPI_ISL_444626|2020-03-30|rockland,AAC
264,hCoV-19/USA/NY-NYUMC512/2020|EPI_ISL_444629|2020-03-30|rockland,GGG
265,hCoV-19/USA/NY-UW-651/2020|EPI_ISL_491321|2020-06-26|rockland,GGG
266,hCoV-19/USA/NY-NYUMC46/2020|EPI_ISL_420297|2020-03-18|brooklyn,GGG
267,hCoV-19/USA/NY-NYUMC52/2020|EPI_ISL_420307|2020-03-19|brooklyn,GGG
268,hCoV-19/USA/NY-PV08138/2020|EPI_ISL_421360|2020-03-13|brooklyn,GGG
269,hCoV-19/USA/NY-PV08412/2020|EPI_ISL_421375|2020-03-16|brooklyn,GGG
270,hCoV-19/USA/NY-PV08425/2020|EPI_ISL_421383|2020-03-18|brooklyn,GGG
271,hCoV-19/USA/NY-PV08432/2020|EPI_ISL_421388|2020-03-18|brooklyn,GGG
272,hCoV-19/USA/NY-PV08434/2020|EPI_ISL_421389|2020-03-18|brooklyn,GGG
273,hCoV-19/USA/NY-PV08450/2020|EPI_ISL_421401|2020-03-17|brooklyn,GGG
274,hCoV-19/USA/NY-PV08481/2020|EPI_ISL_421421|2020-03-18|brooklyn,GGG
275,hCoV-19/USA/NY-PV08485/2020|EPI_ISL_421422|2020-03-17|brooklyn,GGG
276,hCoV-19/USA/NY-PV08491/2020|EPI_ISL_421427|2020-03-17|brooklyn,GGG
277,hCoV-19/USA/NY-NYUMC76/2020|EPI_ISL_421577|2020-03-18|brooklyn,GGG
278,hCoV-19/USA/NY-NYUMC77/2020|EPI_ISL_421578|2020-03-18|brooklyn,GGG
279,hCoV-19/USA/NY-NYUMC81/2020|EPI_ISL_421582|2020-03-18|brooklyn,GGG
280,hCoV-19/USA/NY-NYUMC82/2020|EPI_ISL_421583|2020-03-18|brooklyn,GGG
281,hCoV-19/USA/NY-NYUMC85/2020|EPI_ISL_421586|2020-03-18|brooklyn,GGG
282,hCoV-19/USA/NY-NYUMC86/2020|EPI_ISL_421587|2020-03-18|brooklyn,GGG
283,hCoV-19/USA/NY-NYUMC88/2020|EPI_ISL_421589|2020-03-18|brooklyn,GGG
284,hCoV-19/USA/NY-PV09023/2020|EPI_ISL_421597|2020-03-21|brooklyn,GGG
285,hCoV-19/USA/NY-PV09127/2020|EPI_ISL_422501|2020-03-19|brooklyn,GGG
286,hCoV-19/USA/NY-PV09151/2020|EPI_ISL_422519|2020-03-22|brooklyn,GGG
287,hCoV-19/USA/NY-PV09153/2020|EPI_ISL_422521|2020-03-22|brooklyn,GGG
288,hCoV-19/USA/NY-PV09158/2020|EPI_ISL_422525|2020-03-22|brooklyn,GGG
289,hCoV-19/USA/NY-PV09164/2020|EPI_ISL_422528|2020-03-21|brooklyn,GGG
290,hCoV-19/USA/NY-PV09165/2020|EPI_ISL_422529|2020-03-22|brooklyn,GGG
291,hCoV-19/USA/NY-PV09177/2020|EPI_ISL_422536|2020-03-19|brooklyn,GGG
292,hCoV-19/USA/NY-PV09199/2020|EPI_ISL_422554|2020-03-21|brooklyn,GGG
293,hCoV-19/USA/NY-PV09301/2020|EPI_ISL_422556|2020-03-21|brooklyn,GGG
294,hCoV-19/USA/NY-PV09304/2020|EPI_ISL_422558|2020-03-21|brooklyn,GGG
295,hCoV-19/USA/NY-NYUMC126/2020|EPI_ISL_424933|2020-04-01|brooklyn,AAC
296,hCoV-19/USA/NY-NYUMC135/2020|EPI_ISL_424942|2020-04-01|brooklyn,GGG
297,hCoV-19/USA/NY-NYUMC137/2020|EPI_ISL_424944|2020-04-01|brooklyn,GGG
298,hCoV-19/USA/NY-NYUMC139/2020|EPI_ISL_424946|2020-04-01|brooklyn,GGG
299,hCoV-19/USA/NY-NYUMC140/2020|EPI_ISL_424947|2020-04-01|brooklyn,GGG
300,hCoV-19/USA/NY-NYUMC141/2020|EPI_ISL_424948|2020-04-01|brooklyn,GGG
301,hCoV-19/USA/NY-NYUMC143/2020|EPI_ISL_424950|2020-04-01|brooklyn,GGG
302,hCoV-19/USA/NY-NYUMC144/2020|EPI_ISL_424951|2020-04-01|brooklyn,GGG
303,hCoV-19/USA/NY-NYUMC146/2020|EPI_ISL_424953|2020-04-01|brooklyn,GGG
304,hCoV-19/USA/NY-NYUMC147/2020|EPI_ISL_424954|2020-04-01|brooklyn,GGG
305,hCoV-19/USA/NY-NYUMC152/2020|EPI_ISL_424959|2020-04-01|brooklyn,GGG
306,hCoV-19/USA/NY-NYUMC155/2020|EPI_ISL_424962|2020-04-01|brooklyn,GGG
307,hCoV-19/USA/NY-NYUMC158/2020|EPI_ISL_424965|2020-04-01|brooklyn,GGG
308,hCoV-19/USA/NY-NYUMC177/2020|EPI_ISL_427473|2020-04-01|brooklyn,GGG
309,hCoV-19/USA/NY-NYUMC180/2020|EPI_ISL_427476|2020-04-01|brooklyn,GGG
310,hCoV-19/USA/NY-NYUMC186/2020|EPI_ISL_427482|2020-04-01|brooklyn,GGG
311,hCoV-19/USA/NY-NYUMC188/2020|EPI_ISL_427484|2020-04-01|brooklyn,GGG
312,hCoV-19/USA/NY-NYUMC189/2020|EPI_ISL_427485|2020-04-01|brooklyn,GGG
313,hCoV-19/USA/NY-NYUMC192/2020|EPI_ISL_427487|2020-04-01|brooklyn,GGG
314,hCoV-19/USA/NY-NYUMC194/2020|EPI_ISL_427489|2020-04-01|brooklyn,GGG
315,hCoV-19/USA/NY-NYUMC208/2020|EPI_ISL_427503|2020-04-03|brooklyn,GGG
316,hCoV-19/USA/NY-NYUMC209/2020|EPI_ISL_427504|2020-04-03|brooklyn,GGG
317,hCoV-19/USA/NY-NYUMC210/2020|EPI_ISL_427505|2020-04-03|brooklyn,GGG
318,hCoV-19/USA/NY-NYUMC212/2020|EPI_ISL_427507|2020-04-03|brooklyn,GGG
319,hCoV-19/USA/NY-NYUMC213/2020|EPI_ISL_427508|2020-04-03|brooklyn,AAC
320,hCoV-19/USA/NY-NYUMC217/2020|EPI_ISL_427512|2020-04-03|brooklyn,GGG
321,hCoV-19/USA/NY-NYUMC218/2020|EPI_ISL_427513|2020-04-03|brooklyn,GGG
322,hCoV-19/USA/NY-NYUMC219/2020|EPI_ISL_427514|2020-04-03|brooklyn,GGG
323,hCoV-19/USA/NY-NYUMC225/2020|EPI_ISL_427520|2020-03-18|brooklyn,GGG
324,hCoV-19/USA/NY-NYUMC227/2020|EPI_ISL_427627|2020-04-01|brooklyn,GGG
325,hCoV-19/USA/NY-NYUMC228/2020|EPI_ISL_427628|2020-04-03|brooklyn,GGG
326,hCoV-19/USA/NY-NYUMC233/2020|EPI_ISL_427633|2020-04-06|brooklyn,GGG
327,hCoV-19/USA/NY-NYUMC235/2020|EPI_ISL_427634|2020-04-06|brooklyn,GGG
328,hCoV-19/USA/NY-NYUMC236/2020|EPI_ISL_427635|2020-04-05|brooklyn,GGG
329,hCoV-19/USA/NY-NYUMC237/2020|EPI_ISL_427636|2020-04-05|brooklyn,GGG
330,hCoV-19/USA/NY-NYUMC239/2020|EPI_ISL_427638|2020-04-06|brooklyn,GGG
331,hCoV-19/USA/NY-NYUMC241/2020|EPI_ISL_427640|2020-04-05|brooklyn,GGG
332,hCoV-19/USA/NY-NYUMC242/2020|EPI_ISL_427641|2020-04-06|brooklyn,GGG
333,hCoV-19/USA/NY-NYUMC245/2020|EPI_ISL_428759|2020-04-03|brooklyn,GGG
334,hCoV-19/USA/NY-NYUMC246/2020|EPI_ISL_428760|2020-04-03|brooklyn,GGG
335,hCoV-19/USA/NY-NYUMC248/2020|EPI_ISL_428762|2020-04-03|brooklyn,GGG
336,hCoV-19/USA/NY-NYUMC253/2020|EPI_ISL_428767|2020-04-05|brooklyn,GGG
337,hCoV-19/USA/NY-NYUMC254/2020|EPI_ISL_428768|2020-04-05|brooklyn,GGG
338,hCoV-19/USA/NY-NYUMC255/2020|EPI_ISL_428769|2020-04-05|brooklyn,GGG
339,hCoV-19/USA/NY-NYUMC256/2020|EPI_ISL_428770|2020-04-05|brooklyn,GGG
340,hCoV-19/USA/NY-NYUMC259/2020|EPI_ISL_428773|2020-04-05|brooklyn,GGG
341,hCoV-19/USA/NY-NYUMC260/2020|EPI_ISL_428774|2020-04-05|brooklyn,GGG
342,hCoV-19/USA/NY-NYUMC261/2020|EPI_ISL_428775|2020-04-05|brooklyn,GGG
343,hCoV-19/USA/NY-NYUMC262/2020|EPI_ISL_428776|2020-04-05|brooklyn,GGG
344,hCoV-19/USA/NY-NYUMC263/2020|EPI_ISL_428777|2020-04-06|brooklyn,GGG
345,hCoV-19/USA/NY-NYUMC264/2020|EPI_ISL_428778|2020-04-06|brooklyn,GGG
346,hCoV-19/USA/NY-NYUMC266/2020|EPI_ISL_428780|2020-04-06|brooklyn,GGG
347,hCoV-19/USA/NY-NYUMC267/2020|EPI_ISL_428781|2020-04-06|brooklyn,GGG
348,hCoV-19/USA/NY-NYUMC269/2020|EPI_ISL_428783|2020-04-06|brooklyn,GGG
349,hCoV-19/USA/NY-NYUMC270/2020|EPI_ISL_428784|2020-04-06|brooklyn,GGG
350,hCoV-19/USA/NY-NYUMC271/2020|EPI_ISL_428785|2020-04-06|brooklyn,GGG
351,hCoV-19/USA/NY-NYUMC272/2020|EPI_ISL_428786|2020-04-06|brooklyn,GGG
352,hCoV-19/USA/NY-NYUMC273/2020|EPI_ISL_428787|2020-04-06|brooklyn,GGG
353,hCoV-19/USA/NY-NYUMC274/2020|EPI_ISL_428788|2020-04-06|brooklyn,GGG
354,hCoV-19/USA/NY-NYUMC275/2020|EPI_ISL_428789|2020-04-06|brooklyn,GGG
355,hCoV-19/USA/NY-NYUMC306/2020|EPI_ISL_430333|2020-03-30|brooklyn,GGG
356,hCoV-19/USA/NY-NYUMC307/2020|EPI_ISL_430334|2020-03-30|brooklyn,GGG
357,hCoV-19/USA/NY-NYUMC308/2020|EPI_ISL_430335|2020-03-30|brooklyn,GGG
358,hCoV-19/USA/NY-NYUMC314/2020|EPI_ISL_430341|2020-03-30|brooklyn,GGG
359,hCoV-19/USA/NY-NYUMC317/2020|EPI_ISL_430344|2020-03-30|brooklyn,GGG
360,hCoV-19/USA/NY-NYUMC319/2020|EPI_ISL_430346|2020-03-30|brooklyn,GGG
361,hCoV-19/USA/NY-NYUMC326/2020|EPI_ISL_430353|2020-04-01|brooklyn,GGG
362,hCoV-19/USA/NY-NYUMC330/2020|EPI_ISL_430357|2020-04-03|brooklyn,GGG
363,hCoV-19/USA/NY-NYUMC332/2020|EPI_ISL_430359|2020-04-08|brooklyn,GGG
364,hCoV-19/USA/NY-NYUMC334/2020|EPI_ISL_430361|2020-04-07|brooklyn,GGG
365,hCoV-19/USA/NY-NYUMC335/2020|EPI_ISL_430362|2020-04-08|brooklyn,GGG
366,hCoV-19/USA/NY-NYUMC336/2020|EPI_ISL_430363|2020-04-08|brooklyn,GGG
367,hCoV-19/USA/NY-NYUMC337/2020|EPI_ISL_430364|2020-04-08|brooklyn,GGG
368,hCoV-19/USA/NY-NYUMC339/2020|EPI_ISL_430366|2020-04-08|brooklyn,GGG
369,hCoV-19/USA/NY-NYUMC340/2020|EPI_ISL_430367|2020-04-07|brooklyn,GGG
370,hCoV-19/USA/NY-NYUMC341/2020|EPI_ISL_430368|2020-04-08|brooklyn,GGG
371,hCoV-19/USA/NY-NYUMC345/2020|EPI_ISL_430372|2020-04-07|brooklyn,GGG
372,hCoV-19/USA/NY-NYUMC346/2020|EPI_ISL_430373|2020-04-08|brooklyn,GGG
373,hCoV-19/USA/NY-NYUMC347/2020|EPI_ISL_430374|2020-04-08|brooklyn,GGG
374,hCoV-19/USA/NY-NYUMC348/2020|EPI_ISL_430375|2020-04-08|brooklyn,GGG
375,hCoV-19/USA/NY-NYUMC349/2020|EPI_ISL_430376|2020-04-08|brooklyn,AAC
376,hCoV-19/USA/NY-NYUMC350/2020|EPI_ISL_430377|2020-04-08|brooklyn,GGG
377,hCoV-19/USA/NY-NYUMC351/2020|EPI_ISL_430378|2020-04-07|brooklyn,GGG
378,hCoV-19/USA/NY-NYUMC352/2020|EPI_ISL_430379|2020-04-07|brooklyn,GGG
379,hCoV-19/USA/NY-NYUMC354/2020|EPI_ISL_430381|2020-04-07|brooklyn,GGG
380,hCoV-19/USA/NY-NYUMC355/2020|EPI_ISL_430382|2020-04-09|brooklyn,GGG
381,hCoV-19/USA/NY-NYUMC356/2020|EPI_ISL_430383|2020-04-08|brooklyn,GGG
382,hCoV-19/USA/NY-NYUMC357/2020|EPI_ISL_430384|2020-04-09|brooklyn,GGG
383,hCoV-19/USA/NY-NYUMC358/2020|EPI_ISL_430385|2020-04-08|brooklyn,GGG
384,hCoV-19/USA/NY-NYUMC359/2020|EPI_ISL_430386|2020-04-08|brooklyn,GGG
385,hCoV-19/USA/NY-NYUMC360/2020|EPI_ISL_430387|2020-04-08|brooklyn,GGG
386,hCoV-19/USA/NY-NYUMC362/2020|EPI_ISL_430389|2020-04-08|brooklyn,GGG
387,hCoV-19/USA/NY-NYUMC363/2020|EPI_ISL_430390|2020-04-08|brooklyn,GGG
388,hCoV-19/USA/NY-NYUMC365/2020|EPI_ISL_430392|2020-04-08|brooklyn,GGG
389,hCoV-19/USA/NY-NYUMC368/2020|EPI_ISL_430395|2020-04-09|brooklyn,GGG
390,hCoV-19/USA/NY-NYUMC373/2020|EPI_ISL_430400|2020-04-10|brooklyn,GGG
391,hCoV-19/USA/NY-NYUMC375/2020|EPI_ISL_430402|2020-04-10|brooklyn,GGG
392,hCoV-19/USA/NY-NYUMC377/2020|EPI_ISL_430404|2020-04-10|brooklyn,GGG
393,hCoV-19/USA/NY-NYUMC380/2020|EPI_ISL_430407|2020-04-10|brooklyn,GGG
394,hCoV-19/USA/NY-NYUMC382/2020|EPI_ISL_430409|2020-04-10|brooklyn,GGG
395,hCoV-19/USA/NY-NYUMC410/2020|EPI_ISL_435477|2020-03-30|brooklyn,GGG
396,hCoV-19/USA/NY-NYUMC413/2020|EPI_ISL_435480|2020-03-30|brooklyn,GGG
397,hCoV-19/USA/NY-NYUMC417/2020|EPI_ISL_435484|2020-03-30|brooklyn,GGG
398,hCoV-19/USA/NY-NYUMC434/2020|EPI_ISL_435501|2020-04-15|brooklyn,GGG
399,hCoV-19/USA/NY-NYUMC435/2020|EPI_ISL_435502|2020-04-24|brooklyn,GGG
400,hCoV-19/USA/NY-NYUMC439/2020|EPI_ISL_435506|2020-04-15|brooklyn,GGG
401,hCoV-19/USA/NY-NYUMC444/2020|EPI_ISL_435511|2020-04-15|brooklyn,GGG
402,hCoV-19/USA/NY-NYUMC446/2020|EPI_ISL_435513|2020-04-14|brooklyn,GGG
403,hCoV-19/USA/NY-NYUMC459/2020|EPI_ISL_435525|2020-04-20|brooklyn,GGG
404,hCoV-19/USA/NY-NYUMC464/2020|EPI_ISL_435529|2020-04-15|brooklyn,GGG
405,hCoV-19/USA/NY-NYUMC466/2020|EPI_ISL_435531|2020-04-16|brooklyn,GGG
406,hCoV-19/USA/NY-NYUMC468/2020|EPI_ISL_435533|2020-04-16|brooklyn,GGG
407,hCoV-19/USA/NY-NYUMC472/2020|EPI_ISL_435537|2020-04-20|brooklyn,GGG
408,hCoV-19/USA/NY-NYUMC477/2020|EPI_ISL_435542|2020-04-22|brooklyn,GGG
409,hCoV-19/USA/NY-NYUMC499/2020|EPI_ISL_444616|2020-03-30|brooklyn,GGG
410,hCoV-19/USA/NY-NYUMC501/2020|EPI_ISL_444618|2020-03-30|brooklyn,GGG
411,hCoV-19/USA/NY-NYUMC507/2020|EPI_ISL_444624|2020-03-30|brooklyn,GGG
412,hCoV-19/USA/NY-NYUMC525/2020|EPI_ISL_444642|2020-03-30|brooklyn,GGG
413,hCoV-19/USA/NY-NYUMC527/2020|EPI_ISL_444644|2020-03-29|brooklyn,GGG
414,hCoV-19/USA/NY-NYUMC528/2020|EPI_ISL_444645|2020-03-29|brooklyn,GGG
415,hCoV-19/USA/NY-NYUMC529/2020|EPI_ISL_444646|2020-03-29|brooklyn,GGG
416,hCoV-19/USA/NY-NYUMC531/2020|EPI_ISL_444648|2020-03-29|brooklyn,GGG
417,hCoV-19/USA/NY-NYUMC533/2020|EPI_ISL_444650|2020-03-30|brooklyn,GGG
418,hCoV-19/USA/NY-NYUMC536/2020|EPI_ISL_444653|2020-03-30|brooklyn,GGG
419,hCoV-19/USA/NY-NYUMC540/2020|EPI_ISL_444657|2020-03-30|brooklyn,GGG
420,hCoV-19/USA/NY-NYUMC544/2020|EPI_ISL_444661|2020-03-30|brooklyn,GGG
421,hCoV-19/USA/NY-NYUMC547/2020|EPI_ISL_444664|2020-03-30|brooklyn,GGG
422,hCoV-19/USA/NY-NYUMC548/2020|EPI_ISL_444665|2020-03-30|brooklyn,GGG
423,hCoV-19/USA/NY-NYUMC551/2020|EPI_ISL_444668|2020-03-30|brooklyn,GGG
424,hCoV-19/USA/NY-NYUMC552/2020|EPI_ISL_444669|2020-03-31|brooklyn,GGG
425,hCoV-19/USA/NY-NYUMC565/2020|EPI_ISL_444682|2020-03-30|brooklyn,GGG
426,hCoV-19/USA/NY-NYUMC570/2020|EPI_ISL_444687|2020-03-30|brooklyn,GGG
427,hCoV-19/USA/NY-NYUMC571/2020|EPI_ISL_444688|2020-03-30|brooklyn,GGG
428,hCoV-19/USA/NY-NYUMC618/2020|EPI_ISL_444735|2020-04-02|brooklyn,GGG
429,hCoV-19/USA/NY-NYUMC634/2020|EPI_ISL_444751|2020-04-02|brooklyn,GGG
430,hCoV-19/USA/NY-NYUMC642/2020|EPI_ISL_444759|2020-04-03|brooklyn,GGG
431,hCoV-19/USA/NY-NYUMC645/2020|EPI_ISL_444762|2020-04-02|brooklyn,GGG
432,hCoV-19/USA/NY-NYUMC656/2020|EPI_ISL_444773|2020-03-17|brooklyn,GGG
433,hCoV-19/USA/NY-NYUMC660/2020|EPI_ISL_444777|2020-03-18|brooklyn,GGG
434,hCoV-19/USA/NY-NYUMC669/2020|EPI_ISL_444786|2020-03-17|brooklyn,GGG
435,hCoV-19/USA/NY-NYUMC690/2020|EPI_ISL_451405|2020-03-26|brooklyn,GGG
436,hCoV-19/USA/NY-NYUMC692/2020|EPI_ISL_451407|2020-03-26|brooklyn,GGG
437,hCoV-19/USA/NY-NYUMC698/2020|EPI_ISL_451413|2020-03-26|brooklyn,GGG
438,hCoV-19/USA/NY-NYUMC700/2020|EPI_ISL_451415|2020-03-21|brooklyn,GGG
439,hCoV-19/USA/NY-NYUMC701/2020|EPI_ISL_451416|2020-03-26|brooklyn,GGG
440,hCoV-19/USA/NY-NYUMC713/2020|EPI_ISL_451428|2020-03-26|brooklyn,GGG
441,hCoV-19/USA/NY-NYUMC724/2020|EPI_ISL_451439|2020-03-20|brooklyn,GGG
442,hCoV-19/USA/NY-NYUMC734/2020|EPI_ISL_451449|2020-03-26|brooklyn,GGG
443,hCoV-19/USA/NY-NYUMC742/2020|EPI_ISL_451457|2020-03-21|brooklyn,GGG
444,hCoV-19/USA/NY-NYUMC747/2020|EPI_ISL_451462|2020-03-20|brooklyn,GGG
445,hCoV-19/USA/NY-NYUMC804/2020|EPI_ISL_456040|2020-03-27|brooklyn,GGG
446,hCoV-19/USA/NY-NYUMC805/2020|EPI_ISL_456041|2020-03-27|brooklyn,GGG
447,hCoV-19/USA/NY-NYUMC807/2020|EPI_ISL_456043|2020-03-27|brooklyn,GGG
448,hCoV-19/USA/NY-NYUMC810/2020|EPI_ISL_456046|2020-03-25|brooklyn,GGG
449,hCoV-19/USA/NY-NYUMC813/2020|EPI_ISL_456049|2020-03-25|brooklyn,GGG
450,hCoV-19/USA/NY-NYUMC817/2020|EPI_ISL_456053|2020-03-25|brooklyn,GGG
451,hCoV-19/USA/NY-NYUMC826/2020|EPI_ISL_456062|2020-03-25|brooklyn,GGG
452,hCoV-19/USA/NY-NYUMC791/2020|EPI_ISL_456066|2020-03-26|brooklyn,GGG
453,hCoV-19/USA/NY-NYUMC835/2020|EPI_ISL_456108|2020-04-17|brooklyn,GGG
454,hCoV-19/USA/NY-NYUMC839/2020|EPI_ISL_456111|2020-04-24|brooklyn,AAC
455,hCoV-19/USA/NY-PV08402/2020|EPI_ISL_421370|2020-03-16|brooklyn,GGG
456,hCoV-19/USA/NY-PV08403/2020|EPI_ISL_421371|2020-03-17|brooklyn,GGG
457,hCoV-19/USA/NY-PV09043/2020|EPI_ISL_421606|2020-03-21|brooklyn,GGG
458,hCoV-19/USA/NY-NYUMC97/2020|EPI_ISL_421709|2020-03-18|brooklyn,GGG
459,hCoV-19/USA/NY-NYUMC102/2020|EPI_ISL_421714|2020-03-18|brooklyn,GGG
460,hCoV-19/USA/NY-NYUMC110/2020|EPI_ISL_421722|2020-03-18|brooklyn,GGG
461,hCoV-19/USA/NY-NYUMC113/2020|EPI_ISL_421725|2020-03-18|brooklyn,GGG
462,hCoV-19/USA/NY-NYUMC115/2020|EPI_ISL_421727|2020-03-18|brooklyn,GGG
463,hCoV-19/USA/NY-NYUMC117/2020|EPI_ISL_421729|2020-03-18|brooklyn,GGG
464,hCoV-19/USA/NY-NYUMC119/2020|EPI_ISL_421731|2020-03-18|brooklyn,GGG
465,hCoV-19/USA/NY-PV09057/2020|EPI_ISL_422489|2020-03-21|brooklyn,GGG
466,hCoV-19/USA/NY-PV09120/2020|EPI_ISL_422495|2020-03-19|brooklyn,GGG
467,hCoV-19/USA/NY-PV09123/2020|EPI_ISL_422498|2020-03-19|brooklyn,GGG
468,hCoV-19/USA/NY-NYUMC165/2020|EPI_ISL_426620|2020-04-01|brooklyn,GGG
469,hCoV-19/USA/NY-NYUMC166/2020|EPI_ISL_426621|2020-04-01|brooklyn,GGG
470,hCoV-19/USA/NY-NYUMC169/2020|EPI_ISL_426624|2020-04-01|brooklyn,GGG
471,hCoV-19/USA/NY-NYUMC170/2020|EPI_ISL_426625|2020-04-01|brooklyn,GGG
472,hCoV-19/USA/NY-NYUMC171/2020|EPI_ISL_426626|2020-04-01|brooklyn,AAC
473,hCoV-19/USA/NY-NYUMC196/2020|EPI_ISL_427491|2020-04-01|brooklyn,GGG
474,hCoV-19/USA/NY-NYUMC198/2020|EPI_ISL_427493|2020-04-01|brooklyn,GGG
475,hCoV-19/USA/NY-NYUMC200/2020|EPI_ISL_427495|2020-04-01|brooklyn,GGG
476,hCoV-19/USA/NY-NYUMC203/2020|EPI_ISL_427498|2020-04-01|brooklyn,GGG
477,hCoV-19/USA/NY-NYUMC276/2020|EPI_ISL_428790|2020-04-06|brooklyn,GGG
478,hCoV-19/USA/NY-NYUMC277/2020|EPI_ISL_428791|2020-04-04|brooklyn,GGG
479,hCoV-19/USA/NY-NYUMC278/2020|EPI_ISL_428792|2020-04-04|brooklyn,GGG
480,hCoV-19/USA/NY-NYUMC279/2020|EPI_ISL_428793|2020-04-05|brooklyn,GGG
481,hCoV-19/USA/NY-NYUMC281/2020|EPI_ISL_428795|2020-04-05|brooklyn,GGG
482,hCoV-19/USA/NY-NYUMC283/2020|EPI_ISL_428797|2020-04-05|brooklyn,GGG
483,hCoV-19/USA/NY-NYUMC284/2020|EPI_ISL_428798|2020-04-05|brooklyn,GGG
484,hCoV-19/USA/NY-NYUMC285/2020|EPI_ISL_428799|2020-04-05|brooklyn,GGG
485,hCoV-19/USA/NY-NYUMC287/2020|EPI_ISL_428801|2020-04-05|brooklyn,GGG
486,hCoV-19/USA/NY-NYUMC298/2020|EPI_ISL_430325|2020-04-08|brooklyn,GGG
487,hCoV-19/USA/NY-NYUMC299/2020|EPI_ISL_430326|2020-03-30|brooklyn,GGG
488,hCoV-19/USA/NY-NYUMC301/2020|EPI_ISL_430328|2020-03-30|brooklyn,GGG
489,hCoV-19/USA/NY-NYUMC305/2020|EPI_ISL_430332|2020-03-30|brooklyn,GGG
490,hCoV-19/USA/NY-NYUMC383/2020|EPI_ISL_430410|2020-04-10|brooklyn,GGG
491,hCoV-19/USA/NY-NYUMC384/2020|EPI_ISL_430411|2020-04-09|brooklyn,GGG
492,hCoV-19/USA/NY-NYUMC394/2020|EPI_ISL_430421|2020-04-13|brooklyn,GGG
493,hCoV-19/USA/NY-NYUMC397/2020|EPI_ISL_430424|2020-04-13|brooklyn,GGG
494,hCoV-19/USA/NY-NYUMC402/2020|EPI_ISL_430429|2020-04-13|brooklyn,GGG
495,hCoV-19/USA/NY-NYUMC448/2020|EPI_ISL_435515|2020-04-20|brooklyn,GGG
496,hCoV-19/USA/NY-NYUMC451/2020|EPI_ISL_435518|2020-04-20|brooklyn,GGG
497,hCoV-19/USA/NY-NYUMC453/2020|EPI_ISL_435520|2020-04-20|brooklyn,GGG
498,hCoV-19/USA/NY-NYUMC483/2020|EPI_ISL_435548|2020-04-24|brooklyn,GGG
499,hCoV-19/USA/NY-NYUMC585/2020|EPI_ISL_444702|2020-03-30|brooklyn,GGG
500,hCoV-19/USA/NY-NYUMC588/2020|EPI_ISL_444705|2020-03-30|brooklyn,GGG
501,hCoV-19/USA/NY-NYUMC596/2020|EPI_ISL_444713|2020-04-02|brooklyn,GGG
502,hCoV-19/USA/NY-NYUMC605/2020|EPI_ISL_444722|2020-04-03|brooklyn,GGG
503,hCoV-19/USA/NY-NYUMC676/2020|EPI_ISL_450393|2020-03-29|brooklyn,GGG
504,hCoV-19/USA/NY-NYUMC680/2020|EPI_ISL_450397|2020-03-30|brooklyn,GGG
505,hCoV-19/USA/NY-NYUMC750/2020|EPI_ISL_451465|2020-03-21|brooklyn,GGG
506,hCoV-19/USA/NY-NYUMC753/2020|EPI_ISL_451467|2020-03-20|brooklyn,GGG
507,hCoV-19/USA/NY-NYUMC755/2020|EPI_ISL_451469|2020-03-26|brooklyn,GGG
508,hCoV-19/USA/NY-NYUMC756/2020|EPI_ISL_451470|2020-03-20|brooklyn,GGG
509,hCoV-19/USA/NY-NYUMC757/2020|EPI_ISL_451471|2020-03-20|brooklyn,GGG
510,hCoV-19/USA/NY-NYUMC758/2020|EPI_ISL_451472|2020-03-20|brooklyn,GGG
511,hCoV-19/USA/NY-NYUMC762/2020|EPI_ISL_451476|2020-03-20|brooklyn,GGG
512,hCoV-19/USA/NY-NYUMC763/2020|EPI_ISL_451477|2020-03-20|brooklyn,GGG
513,hCoV-19/USA/NY-NYUMC764/2020|EPI_ISL_451478|2020-03-20|brooklyn,GGG
514,hCoV-19/USA/NY-NYUMC751/2020|EPI_ISL_451665|2020-03-20|brooklyn,GGG
515,hCoV-19/USA/NY-NYUMC770/2020|EPI_ISL_456007|2020-03-26|brooklyn,GGG
516,hCoV-19/USA/NY-NYUMC780/2020|EPI_ISL_456017|2020-03-25|brooklyn,GGG
517,hCoV-19/USA/NY-NYUMC782/2020|EPI_ISL_456019|2020-03-26|brooklyn,GGG
518,hCoV-19/USA/NY-NYUMC783/2020|EPI_ISL_456020|2020-03-25|brooklyn,GGG
519,hCoV-19/USA/NY-NYUMC785/2020|EPI_ISL_456022|2020-03-25|brooklyn,GGG
520,hCoV-19/USA/NY-NYUMC787/2020|EPI_ISL_456024|2020-03-25|brooklyn,GGG
521,hCoV-19/USA/NY-NYUMC790/2020|EPI_ISL_456027|2020-03-25|brooklyn,GGG
522,hCoV-19/USA/NY-NYUMC795/2020|EPI_ISL_456031|2020-03-26|brooklyn,AAC
523,hCoV-19/USA/NY-NYUMC803/2020|EPI_ISL_456039|2020-03-25|brooklyn,GGG
524,hCoV-19/USA/NY-NYUMC886/2020|EPI_ISL_467379|2020-05-08|brooklyn,GGG
525,hCoV-19/USA/NY-NYUMC887/2020|EPI_ISL_467380|2020-04-30|brooklyn,GGG
526,hCoV-19/USA/NY-NYUMC906/2020|EPI_ISL_467399|2020-04-30|brooklyn,GGG
527,hCoV-19/USA/NY-Wadsworth-25860-01/2020|EPI_ISL_426320|2020-03-20|broome,GGG
528,hCoV-19/USA/NY-PV08143/2020|EPI_ISL_421363|2020-03-17|schenecktady,GGG
529,hCoV-19/USA/NY-PV08149/2020|EPI_ISL_421366|2020-03-15|schenecktady,GGG
530,hCoV-19/USA/NY-PV09187/2020|EPI_ISL_422544|2020-03-20|schenecktady,GGG
531,hCoV-19/USA/NY-Wadsworth-10495-01/2020|EPI_ISL_425224|2020-03-03|schenecktady,GGG
532,hCoV-19/USA/NY-Wadsworth-10496-01/2020|EPI_ISL_426025|2020-03-03|schenecktady,GGG
533,hCoV-19/USA/NY-Wadsworth-10528-01/2020|EPI_ISL_426026|2020-03-03|schenecktady,GGG
534,hCoV-19/USA/NY-Wadsworth-10690-01/2020|EPI_ISL_426028|2020-03-04|schenecktady,GGG
535,hCoV-19/USA/NY-Wadsworth-10695-01/2020|EPI_ISL_426029|2020-03-04|schenecktady,GGG
536,hCoV-19/USA/NY-Wadsworth-10703-01/2020|EPI_ISL_426030|2020-03-04|schenecktady,GGG
537,hCoV-19/USA/NY-Wadsworth-10704-01/2020|EPI_ISL_426031|2020-03-04|schenecktady,GGG
538,hCoV-19/USA/NY-Wadsworth-10707-01/2020|EPI_ISL_426032|2020-03-04|schenecktady,GGG
539,hCoV-19/USA/NY-Wadsworth-10935-01/2020|EPI_ISL_426033|2020-03-04|schenecktady,GGG
540,hCoV-19/USA/NY-Wadsworth-10955-01/2020|EPI_ISL_426034|2020-03-04|schenecktady,GGG
541,hCoV-19/USA/NY-Wadsworth-10999-01/2020|EPI_ISL_426037|2020-03-05|schenecktady,GGG
542,hCoV-19/USA/NY-Wadsworth-11003-01/2020|EPI_ISL_426039|2020-03-05|schenecktady,GGG
543,hCoV-19/USA/NY-Wadsworth-11017-01/2020|EPI_ISL_426040|2020-03-05|schenecktady,GGG
544,hCoV-19/USA/NY-Wadsworth-11180-01/2020|EPI_ISL_426041|2020-03-06|schenecktady,GGG
545,hCoV-19/USA/NY-Wadsworth-11284-01/2020|EPI_ISL_426043|2020-03-06|schenecktady,GGG
546,hCoV-19/USA/NY-Wadsworth-11291-01/2020|EPI_ISL_426044|2020-03-06|schenecktady,GGG
547,hCoV-19/USA/NY-Wadsworth-11353-01/2020|EPI_ISL_426046|2020-03-06|schenecktady,GGG
548,hCoV-19/USA/NY-Wadsworth-11354-01/2020|EPI_ISL_426047|2020-03-06|schenecktady,GGG
549,hCoV-19/USA/NY-Wadsworth-11379-01/2020|EPI_ISL_426048|2020-03-06|schenecktady,GGG
550,hCoV-19/USA/NY-Wadsworth-11380-01/2020|EPI_ISL_426049|2020-03-06|schenecktady,GGG
551,hCoV-19/USA/NY-Wadsworth-11666-01/2020|EPI_ISL_426050|2020-03-08|schenecktady,GGG
552,hCoV-19/USA/NY-Wadsworth-11735-01/2020|EPI_ISL_426290|2020-03-08|schenecktady,GGG
553,hCoV-19/USA/NY-NYUMC297/2020|EPI_ISL_430324|2020-04-10|schenecktady,GGG
554,hCoV-19/USA/NY-NYUMC313/2020|EPI_ISL_430340|2020-03-30|schenecktady,GGG
555,hCoV-19/USA/NY-NYUMC576/2020|EPI_ISL_444693|2020-03-30|schenecktady,GGG
556,hCoV-19/USA/NY-NYUMC633/2020|EPI_ISL_444750|2020-04-02|schenecktady,GGG
557,hCoV-19/USA/NY-NYUMC648/2020|EPI_ISL_444765|2020-03-30|schenecktady,GGG
558,hCoV-19/USA/NY-NYUMC888/2020|EPI_ISL_467381|2020-04-03|schenecktady,GGG
559,hCoV-19/USA/NY-UW-584/2020|EPI_ISL_484959|2020-06-23|schenecktady,GGG
560,hCoV-19/USA/NY-UW-1351/2020|EPI_ISL_536722|2020-09-08|schenecktady,GGG
561,hCoV-19/USA/NY-Wadsworth-31364-01/2020|EPI_ISL_426303|2020-03-27|cayuga,GGG
562,hCoV-19/USA/NY-SURV052/2020|EPI_ISL_436047|2020-03-04|new_york,GGG
563,hCoV-19/USA/NY-SURV097/2020|EPI_ISL_436049|2020-03-09|new_york,GGG
564,hCoV-19/USA/NY-SURV0144/2020|EPI_ISL_436050|2020-03-02|new_york,GGG
565,hCoV-19/USA/NY-SURV0162/2020|EPI_ISL_436051|2020-03-09|new_york,GGG
566,hCoV-19/USA/NY-SURV0166/2020|EPI_ISL_436053|2020-03-09|new_york,GGG
567,hCoV-19/USA/NY-SURV0168/2020|EPI_ISL_436054|2020-03-09|new_york,GGG
568,hCoV-19/USA/NY-SURV0171/2020|EPI_ISL_436055|2020-03-09|new_york,GGG
569,hCoV-19/USA/NY-SURV0183/2020|EPI_ISL_436057|2020-03-17|new_york,GGG
570,hCoV-19/USA/NY-SURV0186/2020|EPI_ISL_436058|2020-03-17|new_york,GGG
571,hCoV-19/USA/NY-SURV0240/2020|EPI_ISL_436059|2020-03-17|new_york,GGG
572,hCoV-19/USA/NY-SURV0302/2020|EPI_ISL_436060|2020-03-09|new_york,GGG
573,hCoV-19/USA/NY-SURV0319/2020|EPI_ISL_436061|2020-03-08|new_york,GGG
574,hCoV-19/USA/NY-SURV0331/2020|EPI_ISL_436062|2020-03-09|new_york,GGG
575,hCoV-19/USA/NY-SURV0334/2020|EPI_ISL_436063|2020-03-09|new_york,GGG
576,hCoV-19/USA/NY-SURV0397/2020|EPI_ISL_436064|2020-03-17|new_york,GGG
577,hCoV-19/USA/NY-SURV0407/2020|EPI_ISL_436065|2020-03-17|new_york,GGG
578,hCoV-19/USA/NY-SURV0440/2020|EPI_ISL_436066|2020-03-09|new_york,GGG
579,hCoV-19/USA/NY-SURV0444/2020|EPI_ISL_436067|2020-03-09|new_york,GGG
580,hCoV-19/USA/NY-SURV0472/2020|EPI_ISL_436068|2020-03-09|new_york,GGG
581,hCoV-19/USA/NY-SURV0475/2020|EPI_ISL_436069|2020-03-09|new_york,GGG
582,hCoV-19/USA/NY-SURV0495/2020|EPI_ISL_436070|2020-03-13|new_york,GGG
583,hCoV-19/USA/NY-SURV0513/2020|EPI_ISL_436071|2020-03-17|new_york,GGG
584,hCoV-19/USA/NY-SURV0710/2020|EPI_ISL_436073|2020-03-17|new_york,GGG
585,hCoV-19/USA/NY-SURV0862/2020|EPI_ISL_436074|2020-03-10|new_york,GGG
586,hCoV-19/USA/NY-SURV0863/2020|EPI_ISL_436075|2020-03-10|new_york,GGG
587,hCoV-19/USA/NY-SURV0874/2020|EPI_ISL_436076|2020-03-09|new_york,GGG
588,hCoV-19/USA/NY-SURV0982/2020|EPI_ISL_436077|2020-03-19|new_york,GGG
589,hCoV-19/USA/NY-SURV0983/2020|EPI_ISL_436078|2020-03-19|new_york,GGG
590,hCoV-19/USA/NY-SURV0988/2020|EPI_ISL_436080|2020-03-18|new_york,GGG
591,hCoV-19/USA/NY-NYCPHL-000005/2020|EPI_ISL_631505|2020-03-04|new_york,GGG
592,hCoV-19/USA/NY-NYCPHL-000009/2020|EPI_ISL_631508|2020-03-07|new_york,GGG
593,hCoV-19/USA/NY-NYCPHL-000010/2020|EPI_ISL_631509|2020-03-08|new_york,GGG
594,hCoV-19/USA/NY-NYCPHL-000012/2020|EPI_ISL_631510|2020-03-09|new_york,GGG
595,hCoV-19/USA/NY-NYCPHL-000013/2020|EPI_ISL_631511|2020-03-09|new_york,GGG
596,hCoV-19/USA/NY-NYCPHL-000015/2020|EPI_ISL_631513|2020-03-10|new_york,GGG
597,hCoV-19/USA/NY-NYCPHL-000016/2020|EPI_ISL_631514|2020-03-10|new_york,GGG
598,hCoV-19/USA/NY-NYCPHL-000017/2020|EPI_ISL_631515|2020-03-11|new_york,GGG
599,hCoV-19/USA/NY-NYCPHL-000019/2020|EPI_ISL_631516|2020-03-10|new_york,GGG
600,hCoV-19/USA/NY-NYCPHL-000023/2020|EPI_ISL_631519|2020-03-10|new_york,GGG
601,hCoV-19/USA/NY-NYCPHL-000182/2020|EPI_ISL_631717|2020-04-18|new_york,GGG
602,hCoV-19/USA/NY-NYCPHL-000186/2020|EPI_ISL_631721|2020-04-22|new_york,GGG
603,hCoV-19/USA/NY-NYCPHL-000189/2020|EPI_ISL_631724|2020-04-13|new_york,GGG
604,hCoV-19/USA/NY-NYCPHL-000190/2020|EPI_ISL_631725|2020-04-13|new_york,GGG
605,hCoV-19/USA/NY-NYCPHL-000193/2020|EPI_ISL_631728|2020-04-14|new_york,GGG
606,hCoV-19/USA/NY-NYCPHL-000197/2020|EPI_ISL_631732|2020-04-16|new_york,AAC
607,hCoV-19/USA/NY-NYCPHL-000201/2020|EPI_ISL_631735|2020-04-17|new_york,GGG
608,hCoV-19/USA/NY-NYCPHL-000202/2020|EPI_ISL_631736|2020-04-17|new_york,GGG
609,hCoV-19/USA/NY-NYCPHL-000206/2020|EPI_ISL_631739|2020-04-18|new_york,GGG
610,hCoV-19/USA/NY-NYCPHL-000218/2020|EPI_ISL_631749|2020-04-27|new_york,GGG
611,hCoV-19/USA/NY-NYCPHL-000224/2020|EPI_ISL_631754|2020-03-19|new_york,GGG
612,hCoV-19/USA/NY-NYCPHL-000226/2020|EPI_ISL_631755|2020-03-23|new_york,GGG
613,hCoV-19/USA/NY-NYCPHL-000227/2020|EPI_ISL_631756|2020-04-02|new_york,GGG
614,hCoV-19/USA/NY-NYCPHL-000228/2020|EPI_ISL_631757|2020-03-19|new_york,GGG
615,hCoV-19/USA/NY-NYCPHL-000230/2020|EPI_ISL_631759|2020-03-23|new_york,GGG
616,hCoV-19/USA/NY-NYCPHL-000232/2020|EPI_ISL_631761|2020-03-27|new_york,GGG
617,hCoV-19/USA/NY-NYCPHL-000233/2020|EPI_ISL_631762|2020-04-01|new_york,GGG
618,hCoV-19/USA/NY-NYCPHL-000234/2020|EPI_ISL_631763|2020-04-04|new_york,GGG
619,hCoV-19/USA/NY-NYCPHL-000235/2020|EPI_ISL_631764|2020-03-15|new_york,GGG
620,hCoV-19/USA/NY-NYCPHL-000423/2020|EPI_ISL_631906|2020-03-31|new_york,GGG
621,hCoV-19/USA/NY-NYCPHL-000440/2020|EPI_ISL_631914|2020-03-12|new_york,GGG
622,hCoV-19/USA/NY-NYCPHL-000443/2020|EPI_ISL_631917|2020-03-31|new_york,GGG
623,hCoV-19/USA/NY-NYCPHL-000444/2020|EPI_ISL_631918|2020-04-01|new_york,GGG
624,hCoV-19/USA/NY-NYCPHL-000445/2020|EPI_ISL_631919|2020-04-01|new_york,GGG
625,hCoV-19/USA/NY-NYCPHL-000446/2020|EPI_ISL_631920|2020-04-01|new_york,GGG
626,hCoV-19/USA/NY-NYCPHL-000448/2020|EPI_ISL_631922|2020-04-03|new_york,GGG
627,hCoV-19/USA/NY-NYCPHL-000450/2020|EPI_ISL_631924|2020-04-03|new_york,GGG
628,hCoV-19/USA/NY-NYCPHL-000452/2020|EPI_ISL_631926|2020-04-04|new_york,GGG
629,hCoV-19/USA/NY-NYCPHL-000453/2020|EPI_ISL_631927|2020-04-04|new_york,GGG
630,hCoV-19/USA/NY-NYCPHL-000454/2020|EPI_ISL_631928|2020-04-05|new_york,GGG
631,hCoV-19/USA/NY-NYCPHL-000456/2020|EPI_ISL_631929|2020-04-06|new_york,GGG
632,hCoV-19/USA/NY-NYCPHL-000458/2020|EPI_ISL_631931|2020-04-05|new_york,GGG
633,hCoV-19/USA/NY-NYCPHL-000461/2020|EPI_ISL_631932|2020-05-05|new_york,GGG
634,hCoV-19/USA/NY-NYCPHL-000463/2020|EPI_ISL_631933|2020-05-07|new_york,GGG
635,hCoV-19/USA/NY-NYCPHL-000464/2020|EPI_ISL_631934|2020-05-07|new_york,GGG
636,hCoV-19/USA/NY-NYCPHL-000465/2020|EPI_ISL_631935|2020-05-07|new_york,GGG
637,hCoV-19/USA/NY-NYCPHL-000466/2020|EPI_ISL_631936|2020-05-08|new_york,GGG
638,hCoV-19/USA/NY-NYCPHL-000467/2020|EPI_ISL_631937|2020-05-09|new_york,GGG
639,hCoV-19/USA/NY-NYCPHL-000468/2020|EPI_ISL_631938|2020-05-12|new_york,GGG
640,hCoV-19/USA/NY-NYCPHL-000469/2020|EPI_ISL_631939|2020-05-01|new_york,GGG
641,hCoV-19/USA/NY-NYCPHL-000470/2020|EPI_ISL_631940|2020-05-01|new_york,AAC
642,hCoV-19/USA/NY-NYCPHL-000494/2020|EPI_ISL_631956|2020-05-14|new_york,GGG
643,hCoV-19/USA/NY-NYCPHL-000495/2020|EPI_ISL_631957|2020-05-13|new_york,GGG
644,hCoV-19/USA/NY-NYCPHL-000496/2020|EPI_ISL_631958|2020-04-05|new_york,GGG
645,hCoV-19/USA/NY-NYCPHL-000498/2020|EPI_ISL_631959|2020-04-07|new_york,GGG
646,hCoV-19/USA/NY-NYCPHL-000500/2020|EPI_ISL_631961|2020-03-29|new_york,GGG
647,hCoV-19/USA/NY-NYCPHL-000501/2020|EPI_ISL_631962|2020-03-29|new_york,GGG
648,hCoV-19/USA/NY-NYCPHL-000502/2020|EPI_ISL_631963|2020-03-28|new_york,GGG
649,hCoV-19/USA/NY-NYCPHL-000504/2020|EPI_ISL_631965|2020-03-27|new_york,GGG
650,hCoV-19/USA/NY-NYCPHL-000505/2020|EPI_ISL_631966|2020-03-26|new_york,GGG
651,hCoV-19/USA/NY-NYCPHL-000506/2020|EPI_ISL_631967|2020-03-25|new_york,GGG
652,hCoV-19/USA/NY-NYCPHL-000507/2020|EPI_ISL_631968|2020-03-25|new_york,GGG
653,hCoV-19/USA/NY-NYCPHL-000508/2020|EPI_ISL_631969|2020-03-25|new_york,GGG
654,hCoV-19/USA/NY-NYCPHL-000509/2020|EPI_ISL_631970|2020-03-25|new_york,GGG
655,hCoV-19/USA/NY-NYCPHL-000510/2020|EPI_ISL_631971|2020-03-24|new_york,GGG
656,hCoV-19/USA/NY-NYCPHL-000511/2020|EPI_ISL_631972|2020-03-25|new_york,GGG
657,hCoV-19/USA/NY-NYCPHL-000512/2020|EPI_ISL_631973|2020-03-23|new_york,GGG
658,hCoV-19/USA/NY-NYCPHL-000513/2020|EPI_ISL_631974|2020-03-23|new_york,GGG
659,hCoV-19/USA/NY-NYCPHL-000514/2020|EPI_ISL_631975|2020-03-22|new_york,GGG
660,hCoV-19/USA/NY-NYCPHL-000515/2020|EPI_ISL_631976|2020-03-20|new_york,GGG
661,hCoV-19/USA/NY-NYCPHL-000516/2020|EPI_ISL_631977|2020-03-20|new_york,GGG
662,hCoV-19/USA/NY-NYCPHL-000517/2020|EPI_ISL_631978|2020-03-18|new_york,GGG
663,hCoV-19/USA/NY-NYCPHL-000519/2020|EPI_ISL_631980|2020-03-16|new_york,GGG
664,hCoV-19/USA/NY-NYCPHL-000520/2020|EPI_ISL_631981|2020-03-16|new_york,GGG
665,hCoV-19/USA/NY-NYCPHL-000521/2020|EPI_ISL_631982|2020-03-12|new_york,GGG
666,hCoV-19/USA/NY-NYCPHL-000523/2020|EPI_ISL_631984|2020-03-19|new_york,GGG
667,hCoV-19/USA/NY-NYCPHL-000524/2020|EPI_ISL_631985|2020-04-07|new_york,GGG
668,hCoV-19/USA/NY-NYCPHL-000525/2020|EPI_ISL_631986|2020-04-08|new_york,GGG
669,hCoV-19/USA/NY-NYCPHL-000526/2020|EPI_ISL_631987|2020-04-06|new_york,GGG
670,hCoV-19/USA/NY-NYCPHL-000527/2020|EPI_ISL_631988|2020-04-06|new_york,GGG
671,hCoV-19/USA/NY-NYCPHL-000528/2020|EPI_ISL_631989|2020-04-05|new_york,GGG
672,hCoV-19/USA/NY-NYCPHL-000529/2020|EPI_ISL_631990|2020-04-03|new_york,GGG
673,hCoV-19/USA/NY-NYCPHL-000530/2020|EPI_ISL_631991|2020-04-02|new_york,GGG
674,hCoV-19/USA/NY-NYCPHL-000531/2020|EPI_ISL_631992|2020-04-01|new_york,GGG
675,hCoV-19/USA/NY-NYCPHL-000532/2020|EPI_ISL_631993|2020-03-12|new_york,GGG
676,hCoV-19/USA/NY-NYCPHL-000533/2020|EPI_ISL_631994|2020-03-18|new_york,GGG
677,hCoV-19/USA/NY-NYCPHL-000534/2020|EPI_ISL_631995|2020-03-18|new_york,GGG
678,hCoV-19/USA/NY-NYCPHL-000537/2020|EPI_ISL_631997|2020-03-18|new_york,GGG
679,hCoV-19/USA/NY-NYCPHL-000538/2020|EPI_ISL_631998|2020-03-18|new_york,GGG
680,hCoV-19/USA/NY-NYCPHL-000539/2020|EPI_ISL_631999|2020-03-19|new_york,GGG
681,hCoV-19/USA/NY-NYCPHL-000800/2020|EPI_ISL_632180|2020-03-24|new_york,GGG
682,hCoV-19/USA/NY-NYCPHL-000802/2020|EPI_ISL_632182|2020-03-26|new_york,GGG
683,hCoV-19/USA/NY-NYCPHL-000803/2020|EPI_ISL_632183|2020-04-06|new_york,GGG
684,hCoV-19/USA/NY-NYCPHL-000804/2020|EPI_ISL_632184|2020-03-24|new_york,GGG
685,hCoV-19/USA/NY-NYCPHL-000806/2020|EPI_ISL_632185|2020-03-23|new_york,GGG
686,hCoV-19/USA/NY-NYCPHL-000807/2020|EPI_ISL_632186|2020-03-23|new_york,GGG
687,hCoV-19/USA/NY-NYCPHL-000808/2020|EPI_ISL_632187|2020-03-23|new_york,GGG
688,hCoV-19/USA/NY-NYCPHL-000809/2020|EPI_ISL_632188|2020-03-23|new_york,GGG
689,hCoV-19/USA/NY-NYCPHL-000810/2020|EPI_ISL_632189|2020-03-24|new_york,GGG
690,hCoV-19/USA/NY-NYCPHL-000811/2020|EPI_ISL_632190|2020-03-24|new_york,GGG
691,hCoV-19/USA/NY-NYCPHL-000813/2020|EPI_ISL_632191|2020-03-25|new_york,GGG
692,hCoV-19/USA/NY-NYCPHL-000815/2020|EPI_ISL_632192|2020-03-30|new_york,GGG
693,hCoV-19/USA/NY-NYCPHL-000816/2020|EPI_ISL_632193|2020-03-30|new_york,GGG
694,hCoV-19/USA/NY-NYCPHL-000817/2020|EPI_ISL_632194|2020-03-26|new_york,GGG
695,hCoV-19/USA/NY-NYCPHL-000818/2020|EPI_ISL_632195|2020-04-02|new_york,GGG
696,hCoV-19/USA/NY-NYCPHL-000821/2020|EPI_ISL_632198|2020-04-08|new_york,GGG
697,hCoV-19/USA/NY-NYCPHL-000822/2020|EPI_ISL_632199|2020-03-23|new_york,GGG
698,hCoV-19/USA/NY-NYCPHL-001029/2020|EPI_ISL_633045|2020-09-29|new_york,GGG
699,hCoV-19/USA/NY-NYCPHL-001070/2020|EPI_ISL_633071|2020-10-15|new_york,GGG
700,hCoV-19/USA/NY-NYCPHL-001071/2020|EPI_ISL_633072|2020-10-15|new_york,AAC
701,hCoV-19/USA/NY-NYCPHL-001075/2020|EPI_ISL_633076|2020-10-15|new_york,AAC
702,hCoV-19/USA/NY-NYCPHL-001077/2020|EPI_ISL_633078|2020-10-16|new_york,AAC
703,hCoV-19/USA/NY-NYCPHL-001079/2020|EPI_ISL_633080|2020-10-16|new_york,AAC
704,hCoV-19/USA/NY-NYCPHL-001081/2020|EPI_ISL_633082|2020-10-18|new_york,GGG
705,hCoV-19/USA/NY-NYUMC2/2020|EPI_ISL_416830|2020-03-16|new_york,GGG
706,hCoV-19/USA/NY-NYUMC3/2020|EPI_ISL_416831|2020-03-16|new_york,GGG
707,hCoV-19/USA/NY-NYUMC4/2020|EPI_ISL_416832|2020-03-16|new_york,GGG
708,hCoV-19/USA/NY-SURV0996/2020|EPI_ISL_436081|2020-03-17|new_york,GGG
709,hCoV-19/USA/NY-SURV1000/2020|EPI_ISL_436082|2020-03-19|new_york,GGG
710,hCoV-19/USA/NY-NYUMC677/2020|EPI_ISL_450394|2020-03-30|new_york,GGG
711,hCoV-19/USA/NY-CDC-6683/2020|EPI_ISL_480784|2020-04-06|new_york,GGG
712,hCoV-19/USA/NY-CDC-6684/2020|EPI_ISL_480785|2020-04-06|new_york,GGG
713,hCoV-19/USA/NY-NYCPHL-000129/2020|EPI_ISL_631620|2020-04-02|new_york,GGG
714,hCoV-19/USA/NY-NYCPHL-000130/2020|EPI_ISL_631621|2020-04-02|new_york,GGG
715,hCoV-19/USA/NY-NYCPHL-000165/2020|EPI_ISL_631701|2020-04-09|new_york,GGG
716,hCoV-19/USA/NY-NYCPHL-000178/2020|EPI_ISL_631713|2020-04-14|new_york,GGG
717,hCoV-19/USA/NY-NYCPHL-000181/2020|EPI_ISL_631716|2020-04-16|new_york,GGG
718,hCoV-19/USA/NY-NYCPHL-000354/2020|EPI_ISL_631861|2020-03-10|new_york,GGG
719,hCoV-19/USA/NY-NYCPHL-000357/2020|EPI_ISL_631863|2020-03-11|new_york,GGG
720,hCoV-19/USA/NY-NYCPHL-000406/2020|EPI_ISL_631890|2020-03-25|new_york,GGG
721,hCoV-19/USA/NY-NYCPHL-000407/2020|EPI_ISL_631891|2020-03-25|new_york,GGG
722,hCoV-19/USA/NY-NYCPHL-000411/2020|EPI_ISL_631895|2020-03-26|new_york,GGG
723,hCoV-19/USA/NY-NYCPHL-000412/2020|EPI_ISL_631896|2020-03-27|new_york,GGG
724,hCoV-19/USA/NY-NYCPHL-000473/2020|EPI_ISL_631942|2020-05-02|new_york,GGG
725,hCoV-19/USA/NY-NYCPHL-000477/2020|EPI_ISL_631944|2020-05-05|new_york,GGG
726,hCoV-19/USA/NY-NYCPHL-000479/2020|EPI_ISL_631946|2020-05-06|new_york,GGG
727,hCoV-19/USA/NY-NYCPHL-000483/2020|EPI_ISL_631949|2020-05-07|new_york,GGG
728,hCoV-19/USA/NY-NYCPHL-000486/2020|EPI_ISL_631951|2020-04-11|new_york,GGG
729,hCoV-19/USA/NY-NYCPHL-000487/2020|EPI_ISL_631952|2020-03-28|new_york,GGG
730,hCoV-19/USA/NY-NYCPHL-000490/2020|EPI_ISL_631953|2020-04-01|new_york,GGG
731,hCoV-19/USA/NY-NYCPHL-000491/2020|EPI_ISL_631954|2020-04-01|new_york,GGG
732,hCoV-19/USA/NY-NYCPHL-000602/2020|EPI_ISL_632060|2020-03-10|new_york,GGG
733,hCoV-19/USA/NY-NYCPHL-000603/2020|EPI_ISL_632061|2020-03-11|new_york,GGG
734,hCoV-19/USA/NY-NYCPHL-000604/2020|EPI_ISL_632062|2020-03-11|new_york,GGG
735,hCoV-19/USA/NY-NYCPHL-000606/2020|EPI_ISL_632063|2020-03-11|new_york,GGG
736,hCoV-19/USA/NY-NYCPHL-000608/2020|EPI_ISL_632065|2020-03-11|new_york,GGG
737,hCoV-19/USA/NY-NYCPHL-000609/2020|EPI_ISL_632066|2020-03-11|new_york,GGG
738,hCoV-19/USA/NY-NYCPHL-000610/2020|EPI_ISL_632067|2020-03-11|new_york,GGG
739,hCoV-19/USA/NY-NYCPHL-000611/2020|EPI_ISL_632068|2020-03-11|new_york,GGG
740,hCoV-19/USA/NY-NYCPHL-000612/2020|EPI_ISL_632069|2020-03-11|new_york,GGG
741,hCoV-19/USA/NY-NYCPHL-000613/2020|EPI_ISL_632070|2020-03-11|new_york,GGG
742,hCoV-19/USA/NY-NYCPHL-000614/2020|EPI_ISL_632071|2020-03-11|new_york,GGG
743,hCoV-19/USA/NY-NYCPHL-000615/2020|EPI_ISL_632072|2020-03-11|new_york,GGG
744,hCoV-19/USA/NY-NYCPHL-000617/2020|EPI_ISL_632073|2020-03-12|new_york,GGG
745,hCoV-19/USA/NY-NYCPHL-000618/2020|EPI_ISL_632074|2020-03-12|new_york,GGG
746,hCoV-19/USA/NY-NYCPHL-000619/2020|EPI_ISL_632075|2020-03-12|new_york,GGG
747,hCoV-19/USA/NY-NYCPHL-000620/2020|EPI_ISL_632076|2020-03-12|new_york,GGG
748,hCoV-19/USA/NY-NYCPHL-000621/2020|EPI_ISL_632077|2020-03-12|new_york,GGG
749,hCoV-19/USA/NY-NYCPHL-000622/2020|EPI_ISL_632078|2020-03-12|new_york,GGG
750,hCoV-19/USA/NY-NYCPHL-000623/2020|EPI_ISL_632079|2020-03-12|new_york,GGG
751,hCoV-19/USA/NY-NYCPHL-000624/2020|EPI_ISL_632080|2020-03-12|new_york,GGG
752,hCoV-19/USA/NY-NYCPHL-000673/2020|EPI_ISL_632091|2020-03-12|new_york,GGG
753,hCoV-19/USA/NY-NYCPHL-000674/2020|EPI_ISL_632092|2020-03-12|new_york,GGG
754,hCoV-19/USA/NY-NYCPHL-000675/2020|EPI_ISL_632093|2020-03-13|new_york,GGG
755,hCoV-19/USA/NY-NYCPHL-000676/2020|EPI_ISL_632094|2020-03-13|new_york,GGG
756,hCoV-19/USA/NY-NYCPHL-000677/2020|EPI_ISL_632095|2020-03-13|new_york,GGG
757,hCoV-19/USA/NY-NYCPHL-000678/2020|EPI_ISL_632096|2020-03-13|new_york,GGG
758,hCoV-19/USA/NY-NYCPHL-000679/2020|EPI_ISL_632097|2020-03-13|new_york,GGG
759,hCoV-19/USA/NY-NYCPHL-000681/2020|EPI_ISL_632098|2020-03-14|new_york,GGG
760,hCoV-19/USA/NY-NYCPHL-000682/2020|EPI_ISL_632099|2020-03-14|new_york,GGG
761,hCoV-19/USA/NY-NYCPHL-000683/2020|EPI_ISL_632100|2020-03-14|new_york,GGG
762,hCoV-19/USA/NY-NYCPHL-000684/2020|EPI_ISL_632101|2020-03-14|new_york,GGG
763,hCoV-19/USA/NY-NYCPHL-000685/2020|EPI_ISL_632102|2020-03-14|new_york,GGG
764,hCoV-19/USA/NY-NYCPHL-000686/2020|EPI_ISL_632103|2020-03-14|new_york,GGG
765,hCoV-19/USA/NY-NYCPHL-000687/2020|EPI_ISL_632104|2020-03-14|new_york,GGG
766,hCoV-19/USA/NY-NYCPHL-000689/2020|EPI_ISL_632105|2020-03-14|new_york,GGG
767,hCoV-19/USA/NY-NYCPHL-000690/2020|EPI_ISL_632106|2020-03-14|new_york,GGG
768,hCoV-19/USA/NY-NYCPHL-000691/2020|EPI_ISL_632107|2020-03-14|new_york,GGG
769,hCoV-19/USA/NY-NYCPHL-000692/2020|EPI_ISL_632108|2020-03-15|new_york,GGG
770,hCoV-19/USA/NY-NYCPHL-000693/2020|EPI_ISL_632109|2020-03-15|new_york,GGG
771,hCoV-19/USA/NY-NYCPHL-000694/2020|EPI_ISL_632110|2020-03-15|new_york,GGG
772,hCoV-19/USA/NY-NYCPHL-000730/2020|EPI_ISL_632112|2020-03-16|new_york,GGG
773,hCoV-19/USA/NY-NYCPHL-000731/2020|EPI_ISL_632113|2020-03-17|new_york,GGG
774,hCoV-19/USA/NY-NYCPHL-000732/2020|EPI_ISL_632114|2020-03-20|new_york,GGG
775,hCoV-19/USA/NY-NYCPHL-000733/2020|EPI_ISL_632115|2020-03-18|new_york,GGG
776,hCoV-19/USA/NY-NYCPHL-000734/2020|EPI_ISL_632116|2020-03-17|new_york,GGG
777,hCoV-19/USA/NY-NYCPHL-000735/2020|EPI_ISL_632117|2020-03-22|new_york,GGG
778,hCoV-19/USA/NY-NYCPHL-000737/2020|EPI_ISL_632118|2020-03-22|new_york,GGG
779,hCoV-19/USA/NY-NYCPHL-000738/2020|EPI_ISL_632119|2020-03-18|new_york,GGG
780,hCoV-19/USA/NY-NYCPHL-000739/2020|EPI_ISL_632120|2020-03-19|new_york,GGG
781,hCoV-19/USA/NY-NYCPHL-000740/2020|EPI_ISL_632121|2020-03-18|new_york,GGG
782,hCoV-19/USA/NY-NYCPHL-000741/2020|EPI_ISL_632122|2020-03-19|new_york,GGG
783,hCoV-19/USA/NY-NYCPHL-000742/2020|EPI_ISL_632123|2020-03-18|new_york,GGG
784,hCoV-19/USA/NY-NYCPHL-000743/2020|EPI_ISL_632124|2020-03-19|new_york,GGG
785,hCoV-19/USA/NY-NYCPHL-000744/2020|EPI_ISL_632125|2020-03-19|new_york,GGG
786,hCoV-19/USA/NY-NYCPHL-000745/2020|EPI_ISL_632126|2020-03-19|new_york,GGG
787,hCoV-19/USA/NY-NYCPHL-000746/2020|EPI_ISL_632127|2020-03-20|new_york,GGG
788,hCoV-19/USA/NY-NYCPHL-000749/2020|EPI_ISL_632129|2020-03-18|new_york,GGG
789,hCoV-19/USA/NY-NYCPHL-000750/2020|EPI_ISL_632130|2020-03-21|new_york,GGG
790,hCoV-19/USA/NY-NYCPHL-000751/2020|EPI_ISL_632131|2020-03-19|new_york,GGG
791,hCoV-19/USA/NY-NYCPHL-000752/2020|EPI_ISL_632132|2020-03-21|new_york,GGG
792,hCoV-19/USA/NY-NYCPHL-000753/2020|EPI_ISL_632133|2020-03-16|new_york,GGG
793,hCoV-19/USA/NY-NYCPHL-000754/2020|EPI_ISL_632134|2020-03-20|new_york,GGG
794,hCoV-19/USA/NY-NYCPHL-000755/2020|EPI_ISL_632135|2020-03-21|new_york,GGG
795,hCoV-19/USA/NY-NYCPHL-000756/2020|EPI_ISL_632136|2020-03-19|new_york,GGG
796,hCoV-19/USA/NY-NYCPHL-000757/2020|EPI_ISL_632137|2020-03-20|new_york,GGG
797,hCoV-19/USA/NY-NYCPHL-000758/2020|EPI_ISL_632138|2020-03-22|new_york,GGG
798,hCoV-19/USA/NY-NYCPHL-000759/2020|EPI_ISL_632139|2020-03-22|new_york,GGG
799,hCoV-19/USA/NY-NYCPHL-000762/2020|EPI_ISL_632142|2020-03-20|new_york,GGG
800,hCoV-19/USA/NY-NYCPHL-000763/2020|EPI_ISL_632143|2020-03-19|new_york,GGG
801,hCoV-19/USA/NY-NYCPHL-000764/2020|EPI_ISL_632144|2020-03-18|new_york,GGG
802,hCoV-19/USA/NY-NYCPHL-000765/2020|EPI_ISL_632145|2020-03-19|new_york,GGG
803,hCoV-19/USA/NY-NYCPHL-000766/2020|EPI_ISL_632146|2020-03-20|new_york,GGG
804,hCoV-19/USA/NY-NYCPHL-000767/2020|EPI_ISL_632147|2020-03-20|new_york,GGG
805,hCoV-19/USA/NY-NYCPHL-000768/2020|EPI_ISL_632148|2020-03-19|new_york,GGG
806,hCoV-19/USA/NY-NYCPHL-000769/2020|EPI_ISL_632149|2020-03-20|new_york,GGG
807,hCoV-19/USA/NY-NYCPHL-000770/2020|EPI_ISL_632150|2020-03-20|new_york,AAC
808,hCoV-19/USA/NY-NYCPHL-000771/2020|EPI_ISL_632151|2020-03-20|new_york,GGG
809,hCoV-19/USA/NY-NYCPHL-000772/2020|EPI_ISL_632152|2020-03-20|new_york,GGG
810,hCoV-19/USA/NY-NYCPHL-000773/2020|EPI_ISL_632153|2020-03-20|new_york,GGG
811,hCoV-19/USA/NY-NYCPHL-000774/2020|EPI_ISL_632154|2020-03-16|new_york,GGG
812,hCoV-19/USA/NY-NYCPHL-000775/2020|EPI_ISL_632155|2020-03-20|new_york,GGG
813,hCoV-19/USA/NY-NYCPHL-000776/2020|EPI_ISL_632156|2020-03-20|new_york,GGG
814,hCoV-19/USA/NY-NYCPHL-000777/2020|EPI_ISL_632157|2020-03-20|new_york,GGG
815,hCoV-19/USA/NY-NYCPHL-000778/2020|EPI_ISL_632158|2020-03-20|new_york,GGG
816,hCoV-19/USA/NY-NYCPHL-000779/2020|EPI_ISL_632159|2020-03-20|new_york,GGG
817,hCoV-19/USA/NY-NYCPHL-000780/2020|EPI_ISL_632160|2020-03-20|new_york,GGG
818,hCoV-19/USA/NY-NYCPHL-000781/2020|EPI_ISL_632161|2020-03-20|new_york,GGG
819,hCoV-19/USA/NY-NYCPHL-000783/2020|EPI_ISL_632163|2020-03-18|new_york,GGG
820,hCoV-19/USA/NY-NYCPHL-000784/2020|EPI_ISL_632164|2020-03-21|new_york,GGG
821,hCoV-19/USA/NY-NYCPHL-000786/2020|EPI_ISL_632166|2020-03-22|new_york,GGG
822,hCoV-19/USA/NY-NYCPHL-000787/2020|EPI_ISL_632167|2020-03-19|new_york,GGG
823,hCoV-19/USA/NY-NYCPHL-000788/2020|EPI_ISL_632168|2020-03-22|new_york,GGG
824,hCoV-19/USA/NY-NYCPHL-000790/2020|EPI_ISL_632170|2020-03-22|new_york,AAC
825,hCoV-19/USA/NY-NYCPHL-000791/2020|EPI_ISL_632171|2020-03-22|new_york,GGG
826,hCoV-19/USA/NY-NYCPHL-000792/2020|EPI_ISL_632172|2020-03-17|new_york,GGG
827,hCoV-19/USA/NY-NYCPHL-000793/2020|EPI_ISL_632173|2020-03-22|new_york,GGG
828,hCoV-19/USA/NY-NYCPHL-000794/2020|EPI_ISL_632174|2020-03-17|new_york,GGG
829,hCoV-19/USA/NY-NYCPHL-000795/2020|EPI_ISL_632175|2020-03-27|new_york,GGG
830,hCoV-19/USA/NY-NYCPHL-000796/2020|EPI_ISL_632176|2020-03-25|new_york,GGG
831,hCoV-19/USA/NY-NYCPHL-000797/2020|EPI_ISL_632177|2020-03-24|new_york,GGG
832,hCoV-19/USA/NY-NYCPHL-000798/2020|EPI_ISL_632178|2020-03-23|new_york,AAC
833,hCoV-19/USA/NY-NYCPHL-000799/2020|EPI_ISL_632179|2020-03-24|new_york,GGG
834,hCoV-19/USA/NY-NYCPHL-000876/2020|EPI_ISL_632948|2020-03-26|new_york,GGG
835,hCoV-19/USA/NY-NYCPHL-000878/2020|EPI_ISL_632950|2020-03-26|new_york,GGG
836,hCoV-19/USA/NY-NYCPHL-000879/2020|EPI_ISL_632951|2020-03-26|new_york,GGG
837,hCoV-19/USA/NY-NYCPHL-000880/2020|EPI_ISL_632952|2020-03-27|new_york,GGG
838,hCoV-19/USA/NY-NYCPHL-000922/2020|EPI_ISL_632977|2020-09-14|new_york,GGG
839,hCoV-19/USA/NY-NYCPHL-000925/2020|EPI_ISL_632979|2020-09-14|new_york,GGG
840,hCoV-19/USA/NY-NYCPHL-000938/2020|EPI_ISL_632980|2020-08-12|new_york,AAC
841,hCoV-19/USA/NY-NYCPHL-000940/2020|EPI_ISL_632981|2020-09-11|new_york,GGG
842,hCoV-19/USA/NY-NYCPHL-000943/2020|EPI_ISL_632982|2020-09-24|new_york,AAC
843,hCoV-19/USA/NY-NYCPHL-000948/2020|EPI_ISL_632986|2020-09-29|new_york,AAC
844,hCoV-19/USA/NY-NYCPHL-000950/2020|EPI_ISL_632987|2020-09-29|new_york,GGG
845,hCoV-19/USA/NY-NYCPHL-000954/2020|EPI_ISL_632991|2020-10-01|new_york,GGG
846,hCoV-19/USA/NY-NYCPHL-000957/2020|EPI_ISL_632993|2020-10-05|new_york,GGG
847,hCoV-19/USA/NY-NYCPHL-000959/2020|EPI_ISL_632994|2020-09-14|new_york,GGG
848,hCoV-19/USA/NY-NYCPHL-000962/2020|EPI_ISL_632995|2020-09-30|new_york,GGG
849,hCoV-19/USA/NY-NYCPHL-000964/2020|EPI_ISL_632997|2020-10-02|new_york,AAC
850,hCoV-19/USA/NY-NYCPHL-000968/2020|EPI_ISL_632999|2020-08-25|new_york,GGG
851,hCoV-19/USA/NY-NYCPHL-000970/2020|EPI_ISL_633001|2020-08-28|new_york,AAC
852,hCoV-19/USA/NY-NYCPHL-000974/2020|EPI_ISL_633004|2020-09-30|new_york,AAC
853,hCoV-19/USA/NY-NYCPHL-000979/2020|EPI_ISL_633007|2020-10-01|new_york,AAC
854,hCoV-19/USA/NY-NYCPHL-000981/2020|EPI_ISL_633008|2020-10-07|new_york,GGG
855,hCoV-19/USA/NY-NYCPHL-000983/2020|EPI_ISL_633010|2020-10-01|new_york,GGG
856,hCoV-19/USA/NY-NYCPHL-000987/2020|EPI_ISL_633013|2020-08-24|new_york,GGG
857,hCoV-19/USA/NY-Wadsworth-16480-01/2020|EPI_ISL_426317|2020-03-15|new_york,GGG
858,hCoV-19/USA/NY-PHL-000011/2020|EPI_ISL_614294|2020-03-06|new_york,GGG
859,hCoV-19/USA/NY-NYCPHL-000027/2020|EPI_ISL_631523|2020-03-11|new_york,GGG
860,hCoV-19/USA/NY-NYCPHL-000028/2020|EPI_ISL_631524|2020-03-12|new_york,GGG
861,hCoV-19/USA/NY-NYCPHL-000029/2020|EPI_ISL_631525|2020-03-09|new_york,GGG
862,hCoV-19/USA/NY-NYCPHL-000030/2020|EPI_ISL_631526|2020-03-12|new_york,GGG
863,hCoV-19/USA/NY-NYCPHL-000031/2020|EPI_ISL_631527|2020-03-09|new_york,GGG
864,hCoV-19/USA/NY-NYCPHL-000032/2020|EPI_ISL_631528|2020-03-12|new_york,GGG
865,hCoV-19/USA/NY-NYCPHL-000034/2020|EPI_ISL_631530|2020-03-09|new_york,GGG
866,hCoV-19/USA/NY-NYCPHL-000036/2020|EPI_ISL_631531|2020-03-09|new_york,GGG
867,hCoV-19/USA/NY-NYCPHL-000071/2020|EPI_ISL_631564|2020-03-12|new_york,GGG
868,hCoV-19/USA/NY-NYCPHL-000076/2020|EPI_ISL_631569|2020-03-11|new_york,GGG
869,hCoV-19/USA/NY-NYCPHL-000109/2020|EPI_ISL_631601|2020-03-27|new_york,GGG
870,hCoV-19/USA/NY-NYCPHL-000137/2020|EPI_ISL_631628|2020-04-02|new_york,GGG
871,hCoV-19/USA/NY-NYCPHL-000140/2020|EPI_ISL_631631|2020-04-02|new_york,GGG
872,hCoV-19/USA/NY-NYCPHL-000141/2020|EPI_ISL_631632|2020-04-03|new_york,GGG
873,hCoV-19/USA/NY-NYCPHL-000237/2020|EPI_ISL_631766|2020-03-24|new_york,GGG
874,hCoV-19/USA/NY-NYCPHL-000238/2020|EPI_ISL_631767|2020-04-11|new_york,AAC
875,hCoV-19/USA/NY-NYCPHL-000241/2020|EPI_ISL_631768|2020-04-11|new_york,GGG
876,hCoV-19/USA/NY-NYCPHL-000242/2020|EPI_ISL_631769|2020-04-11|new_york,GGG
877,hCoV-19/USA/NY-NYCPHL-000243/2020|EPI_ISL_631770|2020-04-12|new_york,GGG
878,hCoV-19/USA/NY-NYCPHL-000246/2020|EPI_ISL_631772|2020-04-13|new_york,GGG
879,hCoV-19/USA/NY-NYCPHL-000248/2020|EPI_ISL_631774|2020-04-16|new_york,GGG
880,hCoV-19/USA/NY-NYCPHL-000251/2020|EPI_ISL_631777|2020-04-21|new_york,GGG
881,hCoV-19/USA/NY-NYCPHL-000252/2020|EPI_ISL_631778|2020-04-23|new_york,GGG
882,hCoV-19/USA/NY-NYCPHL-000253/2020|EPI_ISL_631779|2020-04-24|new_york,GGG
883,hCoV-19/USA/NY-NYCPHL-000254/2020|EPI_ISL_631780|2020-04-24|new_york,GGG
884,hCoV-19/USA/NY-NYCPHL-000258/2020|EPI_ISL_631784|2020-04-29|new_york,GGG
885,hCoV-19/USA/NY-NYCPHL-000268/2020|EPI_ISL_631794|2020-03-16|new_york,GGG
886,hCoV-19/USA/NY-NYCPHL-000278/2020|EPI_ISL_631804|2020-03-20|new_york,GGG
887,hCoV-19/USA/NY-NYCPHL-000281/2020|EPI_ISL_631807|2020-03-20|new_york,GGG
888,hCoV-19/USA/NY-NYCPHL-000282/2020|EPI_ISL_631808|2020-03-20|new_york,GGG
889,hCoV-19/USA/NY-NYCPHL-000284/2020|EPI_ISL_631810|2020-03-20|new_york,GGG
890,hCoV-19/USA/NY-NYCPHL-000287/2020|EPI_ISL_631813|2020-03-20|new_york,GGG
891,hCoV-19/USA/NY-NYCPHL-000290/2020|EPI_ISL_631816|2020-03-20|new_york,GGG
892,hCoV-19/USA/NY-NYCPHL-000293/2020|EPI_ISL_631819|2020-03-22|new_york,GGG
893,hCoV-19/USA/NY-NYCPHL-000294/2020|EPI_ISL_631820|2020-03-22|new_york,GGG
894,hCoV-19/USA/NY-NYCPHL-000296/2020|EPI_ISL_631822|2020-03-23|new_york,GGG
895,hCoV-19/USA/NY-NYCPHL-000298/2020|EPI_ISL_631825|2020-04-05|new_york,GGG
896,hCoV-19/USA/NY-NYCPHL-000302/2020|EPI_ISL_631829|2020-03-14|new_york,GGG
897,hCoV-19/USA/NY-NYCPHL-000304/2020|EPI_ISL_631831|2020-03-14|new_york,GGG
898,hCoV-19/USA/NY-NYCPHL-000310/2020|EPI_ISL_631837|2020-03-15|new_york,GGG
899,hCoV-19/USA/NY-NYCPHL-000335/2020|EPI_ISL_631848|2020-04-08|new_york,GGG
900,hCoV-19/USA/NY-NYCPHL-000337/2020|EPI_ISL_631849|2020-04-09|new_york,GGG
901,hCoV-19/USA/NY-NYCPHL-000339/2020|EPI_ISL_631851|2020-04-09|new_york,GGG
902,hCoV-19/USA/NY-NYCPHL-000340/2020|EPI_ISL_631852|2020-04-09|new_york,GGG
903,hCoV-19/USA/NY-NYCPHL-000342/2020|EPI_ISL_631854|2020-04-10|new_york,GGG
904,hCoV-19/USA/NY-NYCPHL-000343/2020|EPI_ISL_631855|2020-04-10|new_york,GGG
905,hCoV-19/USA/NY-NYCPHL-000364/2020|EPI_ISL_631867|2020-03-13|new_york,GGG
906,hCoV-19/USA/NY-NYCPHL-000390/2020|EPI_ISL_631876|2020-04-05|new_york,GGG
907,hCoV-19/USA/NY-NYCPHL-000398/2020|EPI_ISL_631882|2020-04-04|new_york,GGG
908,hCoV-19/USA/NY-NYCPHL-000823/2020|EPI_ISL_632200|2020-03-30|new_york,GGG
909,hCoV-19/USA/NY-NYCPHL-000824/2020|EPI_ISL_632201|2020-03-24|new_york,GGG
910,hCoV-19/USA/NY-NYCPHL-000826/2020|EPI_ISL_632203|2020-03-24|new_york,GGG
911,hCoV-19/USA/NY-NYCPHL-000827/2020|EPI_ISL_632204|2020-03-24|new_york,GGG
912,hCoV-19/USA/NY-NYCPHL-000828/2020|EPI_ISL_632205|2020-03-24|new_york,GGG
913,hCoV-19/USA/NY-NYCPHL-000829/2020|EPI_ISL_632206|2020-03-24|new_york,GGG
914,hCoV-19/USA/NY-NYCPHL-000833/2020|EPI_ISL_632210|2020-03-25|new_york,GGG
915,hCoV-19/USA/NY-NYCPHL-000834/2020|EPI_ISL_632211|2020-03-26|new_york,GGG
916,hCoV-19/USA/NY-NYCPHL-000835/2020|EPI_ISL_632212|2020-03-26|new_york,GGG
917,hCoV-19/USA/NY-NYCPHL-000836/2020|EPI_ISL_632213|2020-03-26|new_york,GGG
918,hCoV-19/USA/NY-NYCPHL-000837/2020|EPI_ISL_632214|2020-03-24|new_york,GGG
919,hCoV-19/USA/NY-NYCPHL-000838/2020|EPI_ISL_632215|2020-03-29|new_york,GGG
920,hCoV-19/USA/NY-NYCPHL-000866/2020|EPI_ISL_632939|2020-03-25|new_york,GGG
921,hCoV-19/USA/NY-NYCPHL-000867/2020|EPI_ISL_632940|2020-03-25|new_york,GGG
922,hCoV-19/USA/NY-NYCPHL-000869/2020|EPI_ISL_632942|2020-03-25|new_york,GGG
923,hCoV-19/USA/NY-NYCPHL-000872/2020|EPI_ISL_632944|2020-03-26|new_york,GGG
924,hCoV-19/USA/NY-NYCPHL-000873/2020|EPI_ISL_632945|2020-03-25|new_york,GGG
925,hCoV-19/USA/NY-NYCPHL-000874/2020|EPI_ISL_632946|2020-03-25|new_york,GGG
926,hCoV-19/USA/NY-NYCPHL-000875/2020|EPI_ISL_632947|2020-03-26|new_york,GGG
927,hCoV-19/USA/NY-NYCPHL-000881/2020|EPI_ISL_632953|2020-03-27|new_york,GGG
928,hCoV-19/USA/NY-NYCPHL-000882/2020|EPI_ISL_632954|2020-03-27|new_york,GGG
929,hCoV-19/USA/NY-NYCPHL-000883/2020|EPI_ISL_632955|2020-03-27|new_york,GGG
930,hCoV-19/USA/NY-NYCPHL-000884/2020|EPI_ISL_632956|2020-03-27|new_york,GGG
931,hCoV-19/USA/NY-NYCPHL-000885/2020|EPI_ISL_632957|2020-03-27|new_york,GGG
932,hCoV-19/USA/NY-NYCPHL-000886/2020|EPI_ISL_632958|2020-03-27|new_york,GGG
933,hCoV-19/USA/NY-NYCPHL-000887/2020|EPI_ISL_632959|2020-03-27|new_york,GGG
934,hCoV-19/USA/NY-NYCPHL-000889/2020|EPI_ISL_632960|2020-03-27|new_york,GGG
935,hCoV-19/USA/NY-NYCPHL-000892/2020|EPI_ISL_632962|2020-03-28|new_york,GGG
936,hCoV-19/USA/NY-NYCPHL-000898/2020|EPI_ISL_632964|2020-07-10|new_york,GGG
937,hCoV-19/USA/NY-NYCPHL-000899/2020|EPI_ISL_632965|2020-03-30|new_york,GGG
938,hCoV-19/USA/NY-NYCPHL-000263/2020|EPI_ISL_631789|2020-03-16|new_york,GGG
939,hCoV-19/USA/NY-NYCPHL-000266/2020|EPI_ISL_631792|2020-03-16|new_york,GGG
940,hCoV-19/USA/NY-NYCPHL-000267/2020|EPI_ISL_631793|2020-03-16|new_york,GGG
941,hCoV-19/USA/NY-NYCPHL-000540/2020|EPI_ISL_632000|2020-03-20|new_york,GGG
942,hCoV-19/USA/NY-NYCPHL-000541/2020|EPI_ISL_632001|2020-03-20|new_york,GGG
943,hCoV-19/USA/NY-NYCPHL-000542/2020|EPI_ISL_632002|2020-03-21|new_york,GGG
944,hCoV-19/USA/NY-NYCPHL-000543/2020|EPI_ISL_632003|2020-03-22|new_york,GGG
945,hCoV-19/USA/NY-NYCPHL-000546/2020|EPI_ISL_632006|2020-03-23|new_york,GGG
946,hCoV-19/USA/NY-NYCPHL-000547/2020|EPI_ISL_632007|2020-03-23|new_york,GGG
947,hCoV-19/USA/NY-NYCPHL-000548/2020|EPI_ISL_632008|2020-03-23|new_york,GGG
948,hCoV-19/USA/NY-NYCPHL-000549/2020|EPI_ISL_632009|2020-03-23|new_york,GGG
949,hCoV-19/USA/NY-NYCPHL-000551/2020|EPI_ISL_632011|2020-03-24|new_york,GGG
950,hCoV-19/USA/NY-NYCPHL-000552/2020|EPI_ISL_632012|2020-03-24|new_york,GGG
951,hCoV-19/USA/NY-NYCPHL-000554/2020|EPI_ISL_632014|2020-03-25|new_york,GGG
952,hCoV-19/USA/NY-NYCPHL-000556/2020|EPI_ISL_632015|2020-03-26|new_york,GGG
953,hCoV-19/USA/NY-NYCPHL-000557/2020|EPI_ISL_632016|2020-03-26|new_york,GGG
954,hCoV-19/USA/NY-NYCPHL-000560/2020|EPI_ISL_632019|2020-03-27|new_york,GGG
955,hCoV-19/USA/NY-NYCPHL-000561/2020|EPI_ISL_632020|2020-03-27|new_york,GGG
956,hCoV-19/USA/NY-NYCPHL-000562/2020|EPI_ISL_632021|2020-03-28|new_york,GGG
957,hCoV-19/USA/NY-NYCPHL-000563/2020|EPI_ISL_632022|2020-03-28|new_york,GGG
958,hCoV-19/USA/NY-NYCPHL-000564/2020|EPI_ISL_632023|2020-03-29|new_york,GGG
959,hCoV-19/USA/NY-NYCPHL-000565/2020|EPI_ISL_632024|2020-03-29|new_york,GGG
960,hCoV-19/USA/NY-NYCPHL-000566/2020|EPI_ISL_632025|2020-03-29|new_york,GGG
961,hCoV-19/USA/NY-NYCPHL-000567/2020|EPI_ISL_632026|2020-03-30|new_york,GGG
962,hCoV-19/USA/NY-NYCPHL-000569/2020|EPI_ISL_632028|2020-03-30|new_york,GGG
963,hCoV-19/USA/NY-NYCPHL-000570/2020|EPI_ISL_632029|2020-03-30|new_york,GGG
964,hCoV-19/USA/NY-NYCPHL-000572/2020|EPI_ISL_632031|2020-03-31|new_york,GGG
965,hCoV-19/USA/NY-NYCPHL-000573/2020|EPI_ISL_632032|2020-04-01|new_york,GGG
966,hCoV-19/USA/NY-NYCPHL-000575/2020|EPI_ISL_632034|2020-04-02|new_york,GGG
967,hCoV-19/USA/NY-NYCPHL-000576/2020|EPI_ISL_632035|2020-04-02|new_york,GGG
968,hCoV-19/USA/NY-NYCPHL-000580/2020|EPI_ISL_632038|2020-03-08|new_york,GGG
969,hCoV-19/USA/NY-NYCPHL-000581/2020|EPI_ISL_632039|2020-03-09|new_york,GGG
970,hCoV-19/USA/NY-NYCPHL-000582/2020|EPI_ISL_632040|2020-03-09|new_york,GGG
971,hCoV-19/USA/NY-NYCPHL-000583/2020|EPI_ISL_632041|2020-03-09|new_york,GGG
972,hCoV-19/USA/NY-NYCPHL-000584/2020|EPI_ISL_632042|2020-03-09|new_york,GGG
973,hCoV-19/USA/NY-NYCPHL-000585/2020|EPI_ISL_632043|2020-03-09|new_york,GGG
974,hCoV-19/USA/NY-NYCPHL-000586/2020|EPI_ISL_632044|2020-03-09|new_york,GGG
975,hCoV-19/USA/NY-NYCPHL-000587/2020|EPI_ISL_632045|2020-03-09|new_york,GGG
976,hCoV-19/USA/NY-NYCPHL-000589/2020|EPI_ISL_632047|2020-03-10|new_york,GGG
977,hCoV-19/USA/NY-NYCPHL-000590/2020|EPI_ISL_632048|2020-03-10|new_york,GGG
978,hCoV-19/USA/NY-NYCPHL-000591/2020|EPI_ISL_632049|2020-03-10|new_york,GGG
979,hCoV-19/USA/NY-NYCPHL-000592/2020|EPI_ISL_632050|2020-03-10|new_york,GGG
980,hCoV-19/USA/NY-NYCPHL-000593/2020|EPI_ISL_632051|2020-03-10|new_york,GGG
981,hCoV-19/USA/NY-NYCPHL-000594/2020|EPI_ISL_632052|2020-03-10|new_york,GGG
982,hCoV-19/USA/NY-NYCPHL-000595/2020|EPI_ISL_632053|2020-03-10|new_york,GGG
983,hCoV-19/USA/NY-NYCPHL-000596/2020|EPI_ISL_632054|2020-03-10|new_york,GGG
984,hCoV-19/USA/NY-NYCPHL-000597/2020|EPI_ISL_632055|2020-03-10|new_york,GGG
985,hCoV-19/USA/NY-NYCPHL-000598/2020|EPI_ISL_632056|2020-03-10|new_york,GGG
986,hCoV-19/USA/NY-NYCPHL-000599/2020|EPI_ISL_632057|2020-03-10|new_york,GGG
987,hCoV-19/USA/NY-NYCPHL-000840/2020|EPI_ISL_632217|2020-03-29|new_york,GGG
988,hCoV-19/USA/NY-NYCPHL-000841/2020|EPI_ISL_632218|2020-03-29|new_york,GGG
989,hCoV-19/USA/NY-NYCPHL-000842/2020|EPI_ISL_632219|2020-03-29|new_york,GGG
990,hCoV-19/USA/NY-NYCPHL-000844/2020|EPI_ISL_632221|2020-03-30|new_york,GGG
991,hCoV-19/USA/NY-NYCPHL-000845/2020|EPI_ISL_632222|2020-03-29|new_york,GGG
992,hCoV-19/USA/NY-NYCPHL-000846/2020|EPI_ISL_632223|2020-03-30|new_york,GGG
993,hCoV-19/USA/NY-NYCPHL-000847/2020|EPI_ISL_632224|2020-03-30|new_york,GGG
994,hCoV-19/USA/NY-NYCPHL-000848/2020|EPI_ISL_632225|2020-03-29|new_york,GGG
995,hCoV-19/USA/NY-NYCPHL-000849/2020|EPI_ISL_632226|2020-03-30|new_york,GGG
996,hCoV-19/USA/NY-NYCPHL-000851/2020|EPI_ISL_632228|2020-03-29|new_york,GGG
997,hCoV-19/USA/NY-NYCPHL-000852/2020|EPI_ISL_632229|2020-03-29|new_york,GGG
998,hCoV-19/USA/NY-NYCPHL-000854/2020|EPI_ISL_632230|2020-03-25|new_york,GGG
999,hCoV-19/USA/NY-NYCPHL-000855/2020|EPI_ISL_632231|2020-03-25|new_york,GGG
1000,hCoV-19/USA/NY-NYCPHL-000857/2020|EPI_ISL_632233|2020-03-27|new_york,GGG
1001,hCoV-19/USA/NY-NYCPHL-000858/2020|EPI_ISL_632234|2020-03-27|new_york,GGG
1002,hCoV-19/USA/NY-NYCPHL-000859/2020|EPI_ISL_632235|2020-03-26|new_york,GGG
1003,hCoV-19/USA/NY-NYCPHL-000861/2020|EPI_ISL_632237|2020-03-25|new_york,GGG
1004,hCoV-19/USA/NY-NYCPHL-000862/2020|EPI_ISL_632238|2020-03-25|new_york,GGG
1005,hCoV-19/USA/NY-NYCPHL-000863/2020|EPI_ISL_632239|2020-03-25|new_york,AAC
1006,hCoV-19/USA/NY-NYCPHL-000864/2020|EPI_ISL_632240|2020-03-26|new_york,GGG
1007,hCoV-19/USA/NY-NYUMC48/2020|EPI_ISL_420299|2020-03-18|staten_island,GGG
1008,hCoV-19/USA/NY-PV09019/2020|EPI_ISL_421594|2020-03-21|staten_island,GGG
1009,hCoV-19/USA/NY-PV09021/2020|EPI_ISL_421596|2020-03-21|staten_island,GGG
1010,hCoV-19/USA/NY-NYUMC118/2020|EPI_ISL_421730|2020-03-18|staten_island,GGG
1011,hCoV-19/USA/NY-NYUMC173/2020|EPI_ISL_427470|2020-04-01|staten_island,GGG
1012,hCoV-19/USA/NY-NYUMC179/2020|EPI_ISL_427475|2020-04-01|staten_island,GGG
1013,hCoV-19/USA/NY-NYUMC230/2020|EPI_ISL_427630|2020-04-06|staten_island,GGG
1014,hCoV-19/USA/NY-NYUMC231/2020|EPI_ISL_427631|2020-04-06|staten_island,GGG
1015,hCoV-19/USA/NY-NYUMC302/2020|EPI_ISL_430329|2020-03-30|staten_island,GGG
1016,hCoV-19/USA/NY-NYUMC322/2020|EPI_ISL_430349|2020-03-30|staten_island,GGG
1017,hCoV-19/USA/NY-NYUMC385/2020|EPI_ISL_430412|2020-04-10|staten_island,GGG
1018,hCoV-19/USA/NY-NYUMC393/2020|EPI_ISL_430420|2020-04-13|staten_island,GGG
1019,hCoV-19/USA/NY-NYUMC405/2020|EPI_ISL_430432|2020-04-13|staten_island,GGG
1020,hCoV-19/USA/NY-NYUMC409/2020|EPI_ISL_435476|2020-03-30|staten_island,GGG
1021,hCoV-19/USA/NY-NYUMC418/2020|EPI_ISL_435485|2020-03-30|staten_island,GGG
1022,hCoV-19/USA/NY-NYUMC474/2020|EPI_ISL_435539|2020-04-21|staten_island,GGG
1023,hCoV-19/USA/NY-NYUMC479/2020|EPI_ISL_435544|2020-04-22|staten_island,GGG
1024,hCoV-19/USA/NY-NYUMC513/2020|EPI_ISL_444630|2020-03-30|staten_island,GGG
1025,hCoV-19/USA/NY-NYUMC550/2020|EPI_ISL_444667|2020-03-30|staten_island,GGG
1026,hCoV-19/USA/NY-NYUMC566/2020|EPI_ISL_444683|2020-03-30|staten_island,GGG
1027,hCoV-19/USA/NY-NYUMC636/2020|EPI_ISL_444753|2020-04-02|staten_island,GGG
1028,hCoV-19/USA/NY-Wadsworth-31617-01/2020|EPI_ISL_426321|2020-03-27|chenango,GGG
1029,hCoV-19/USA/NY-Wadsworth-32851-01/2020|EPI_ISL_426299|2020-03-28|ononda,GGG
1030,hCoV-19/USA/NY-Wadsworth-22874-01/2020|EPI_ISL_426315|2020-03-19|ononda,GGG
1031,hCoV-19/USA/NY-NYUMC124/2020|EPI_ISL_424931|2020-04-01|suffolk,GGG
1032,hCoV-19/USA/NY-NYUMC129/2020|EPI_ISL_424936|2020-04-01|suffolk,GGG
1033,hCoV-19/USA/NY-NYUMC148/2020|EPI_ISL_424955|2020-04-01|suffolk,GGG
1034,hCoV-19/USA/NY-Wadsworth-13468-02/2020|EPI_ISL_426294|2020-03-11|suffolk,GGG
1035,hCoV-19/USA/NY-Wadsworth-30878-01/2020|EPI_ISL_426312|2020-03-27|suffolk,GGG
1036,hCoV-19/USA/NY-NYUMC162/2020|EPI_ISL_426617|2020-04-01|suffolk,GGG
1037,hCoV-19/USA/NY-NYUMC325/2020|EPI_ISL_430352|2020-04-01|suffolk,GGG
1038,hCoV-19/USA/NY-NYUMC411/2020|EPI_ISL_435478|2020-03-30|suffolk,GGG
1039,hCoV-19/USA/NY-NYUMC437/2020|EPI_ISL_435504|2020-04-13|suffolk,GGG
1040,hCoV-19/USA/NY-NYUMC442/2020|EPI_ISL_435509|2020-04-15|suffolk,GGG
1041,hCoV-19/USA/NY-NYUMC449/2020|EPI_ISL_435516|2020-04-20|suffolk,GGG
1042,hCoV-19/USA/NY-NYUMC473/2020|EPI_ISL_435538|2020-04-20|suffolk,GGG
1043,hCoV-19/USA/NY-NYUMC506/2020|EPI_ISL_444623|2020-03-30|suffolk,GGG
1044,hCoV-19/USA/NY-NYUMC626/2020|EPI_ISL_444743|2020-04-02|suffolk,GGG
1045,hCoV-19/USA/NY-NYUMC629/2020|EPI_ISL_444746|2020-04-02|suffolk,GGG
1046,hCoV-19/USA/NY-NYUMC631/2020|EPI_ISL_444748|2020-04-02|suffolk,GGG
1047,hCoV-19/USA/NY-NYUMC651/2020|EPI_ISL_444768|2020-04-06|suffolk,GGG
1048,hCoV-19/USA/NY-NYUMC652/2020|EPI_ISL_444769|2020-04-06|suffolk,GGG
1049,hCoV-19/USA/NY-NYUMC715/2020|EPI_ISL_451430|2020-03-26|suffolk,GGG
1050,hCoV-19/USA/NY-NYUMC726/2020|EPI_ISL_451441|2020-03-26|suffolk,GGG
1051,hCoV-19/USA/NY-Wadsworth-22503-01/2020|EPI_ISL_426313|2020-03-19|clinton,GGG
1052,hCoV-19/USA/NY-Wadsworth-16080-01/2020|EPI_ISL_426296|2020-03-14|orange,GGG
1053,hCoV-19/USA/NY-Wadsworth-32104-01/2020|EPI_ISL_426309|2020-03-28|orange,GGG
1054,hCoV-19/USA/NY-Wadsworth-31302-01/2020|EPI_ISL_426301|2020-03-27|ulster,GGG
1055,hCoV-19/USA/NY-Wadsworth-26551-01/2020|EPI_ISL_426318|2020-03-22|ulster,GGG
1056,hCoV-19/USA/NY-Wadsworth-16766-01/2020|EPI_ISL_426323|2020-03-16|dutchess,GGG
1057,hCoV-19/USA/NY-NYUMC224/2020|EPI_ISL_427519|2020-03-18|passiac,GGG
1058,hCoV-19/USA/NY-Wadsworth-31930-01/2020|EPI_ISL_426305|2020-03-28|washington,GGG
1059,hCoV-19/USA/NY-Wadsworth-31488-01/2020|EPI_ISL_426298|2020-03-27|franklin,GGG
1060,hCoV-19/USA/NY-Wadsworth-26856-01/2020|EPI_ISL_426302|2020-03-21|putnam,GGG
1061,hCoV-19/USA/NY-PV08143/2020|EPI_ISL_421363|2020-03-17|westchester,GGG
1062,hCoV-19/USA/NY-PV08149/2020|EPI_ISL_421366|2020-03-15|westchester,GGG
1063,hCoV-19/USA/NY-PV09187/2020|EPI_ISL_422544|2020-03-20|westchester,GGG
1064,hCoV-19/USA/NY-Wadsworth-10495-01/2020|EPI_ISL_425224|2020-03-03|westchester,GGG
1065,hCoV-19/USA/NY-Wadsworth-10496-01/2020|EPI_ISL_426025|2020-03-03|westchester,GGG
1066,hCoV-19/USA/NY-Wadsworth-10528-01/2020|EPI_ISL_426026|2020-03-03|westchester,GGG
1067,hCoV-19/USA/NY-Wadsworth-10690-01/2020|EPI_ISL_426028|2020-03-04|westchester,GGG
1068,hCoV-19/USA/NY-Wadsworth-10695-01/2020|EPI_ISL_426029|2020-03-04|westchester,GGG
1069,hCoV-19/USA/NY-Wadsworth-10703-01/2020|EPI_ISL_426030|2020-03-04|westchester,GGG
1070,hCoV-19/USA/NY-Wadsworth-10704-01/2020|EPI_ISL_426031|2020-03-04|westchester,GGG
1071,hCoV-19/USA/NY-Wadsworth-10707-01/2020|EPI_ISL_426032|2020-03-04|westchester,GGG
1072,hCoV-19/USA/NY-Wadsworth-10935-01/2020|EPI_ISL_426033|2020-03-04|westchester,GGG
1073,hCoV-19/USA/NY-Wadsworth-10955-01/2020|EPI_ISL_426034|2020-03-04|westchester,GGG
1074,hCoV-19/USA/NY-Wadsworth-10999-01/2020|EPI_ISL_426037|2020-03-05|westchester,GGG
1075,hCoV-19/USA/NY-Wadsworth-11003-01/2020|EPI_ISL_426039|2020-03-05|westchester,GGG
1076,hCoV-19/USA/NY-Wadsworth-11017-01/2020|EPI_ISL_426040|2020-03-05|westchester,GGG
1077,hCoV-19/USA/NY-Wadsworth-11180-01/2020|EPI_ISL_426041|2020-03-06|westchester,GGG
1078,hCoV-19/USA/NY-Wadsworth-11284-01/2020|EPI_ISL_426043|2020-03-06|westchester,GGG
1079,hCoV-19/USA/NY-Wadsworth-11291-01/2020|EPI_ISL_426044|2020-03-06|westchester,GGG
1080,hCoV-19/USA/NY-Wadsworth-11353-01/2020|EPI_ISL_426046|2020-03-06|westchester,GGG
1081,hCoV-19/USA/NY-Wadsworth-11354-01/2020|EPI_ISL_426047|2020-03-06|westchester,GGG
1082,hCoV-19/USA/NY-Wadsworth-11379-01/2020|EPI_ISL_426048|2020-03-06|westchester,GGG
1083,hCoV-19/USA/NY-Wadsworth-11380-01/2020|EPI_ISL_426049|2020-03-06|westchester,GGG
1084,hCoV-19/USA/NY-Wadsworth-11666-01/2020|EPI_ISL_426050|2020-03-08|westchester,GGG
1085,hCoV-19/USA/NY-Wadsworth-11735-01/2020|EPI_ISL_426290|2020-03-08|westchester,GGG
1086,hCoV-19/USA/NY-NYUMC297/2020|EPI_ISL_430324|2020-04-10|westchester,GGG
1087,hCoV-19/USA/NY-NYUMC313/2020|EPI_ISL_430340|2020-03-30|westchester,GGG
1088,hCoV-19/USA/NY-NYUMC576/2020|EPI_ISL_444693|2020-03-30|westchester,GGG
1089,hCoV-19/USA/NY-NYUMC633/2020|EPI_ISL_444750|2020-04-02|westchester,GGG
1090,hCoV-19/USA/NY-NYUMC648/2020|EPI_ISL_444765|2020-03-30|westchester,GGG
1091,hCoV-19/USA/NY-NYUMC733/2020|EPI_ISL_451448|2020-03-22|westchester,GGG
1092,hCoV-19/USA/NY-NYUMC888/2020|EPI_ISL_467381|2020-04-03|westchester,GGG
1093,hCoV-19/USA/NY-UW-584/2020|EPI_ISL_484959|2020-06-23|westchester,GGG
1094,hCoV-19/USA/NY-UW-1351/2020|EPI_ISL_536722|2020-09-08|westchester,GGG
1095,hCoV-19/USA/NY-NYCPHL-000001/2020|EPI_ISL_631502|2020-03-02|westchester,GGG
1096,hCoV-19/USA/NY-NYCPHL-000037/2020|EPI_ISL_631532|2020-03-09|westchester,GGG
1097,hCoV-19/USA/NY-Wadsworth-27162-01/2020|EPI_ISL_426304|2020-03-23|jefferson,GGG
1098,hCoV-19/USA/NY-NYUMC49/2020|EPI_ISL_420300|2020-03-18|queens,GGG
1099,hCoV-19/USA/NY-PV08466/2020|EPI_ISL_421411|2020-03-18|queens,GGG
1100,hCoV-19/USA/NY-PV08472/2020|EPI_ISL_421415|2020-03-13|queens,GGG
1101,hCoV-19/USA/NY-PV08474/2020|EPI_ISL_421417|2020-03-17|queens,GGG
1102,hCoV-19/USA/NY-PV08486/2020|EPI_ISL_421423|2020-03-18|queens,GGG
1103,hCoV-19/USA/NY-PV08487/2020|EPI_ISL_421424|2020-03-18|queens,GGG
1104,hCoV-19/USA/NY-PV08489/2020|EPI_ISL_421425|2020-03-17|queens,GGG
1105,hCoV-19/USA/NY-PV08496/2020|EPI_ISL_421432|2020-03-17|queens,GGG
1106,hCoV-19/USA/NY-PV08498/2020|EPI_ISL_421433|2020-03-17|queens,GGG
1107,hCoV-19/USA/NY-NYUMC80/2020|EPI_ISL_421581|2020-03-18|queens,GGG
1108,hCoV-19/USA/NY-NYUMC89/2020|EPI_ISL_421590|2020-03-18|queens,GGG
1109,hCoV-19/USA/NY-NYUMC91/2020|EPI_ISL_421592|2020-03-18|queens,GGG
1110,hCoV-19/USA/NY-PV09032/2020|EPI_ISL_421602|2020-03-21|queens,GGG
1111,hCoV-19/USA/NY-PV09037/2020|EPI_ISL_421603|2020-03-21|queens,GGG
1112,hCoV-19/USA/NY-PV09077/2020|EPI_ISL_421623|2020-03-20|queens,GGG
1113,hCoV-19/USA/NY-PV09087/2020|EPI_ISL_421627|2020-03-18|queens,GGG
1114,hCoV-19/USA/NY-PV09090/2020|EPI_ISL_421629|2020-03-19|queens,GGG
1115,hCoV-19/USA/NY-PV09092/2020|EPI_ISL_421630|2020-03-18|queens,GGG
1116,hCoV-19/USA/NY-PV09097/2020|EPI_ISL_421631|2020-03-18|queens,GGG
1117,hCoV-19/USA/NY-PV09098/2020|EPI_ISL_421632|2020-03-19|queens,GGG
1118,hCoV-19/USA/NY-PV09099/2020|EPI_ISL_421633|2020-03-18|queens,GGG
1119,hCoV-19/USA/NY-NYUMC94/2020|EPI_ISL_421706|2020-03-18|queens,GGG
1120,hCoV-19/USA/NY-NYUMC99/2020|EPI_ISL_421711|2020-03-18|queens,GGG
1121,hCoV-19/USA/NY-NYUMC108/2020|EPI_ISL_421720|2020-03-18|queens,GGG
1122,hCoV-19/USA/NY-PV09125/2020|EPI_ISL_422499|2020-03-19|queens,GGG
1123,hCoV-19/USA/NY-PV09145/2020|EPI_ISL_422516|2020-03-20|queens,GGG
1124,hCoV-19/USA/NY-PV09172/2020|EPI_ISL_422534|2020-03-19|queens,GGG
1125,hCoV-19/USA/NY-PV09189/2020|EPI_ISL_422546|2020-03-19|queens,GGG
1126,hCoV-19/USA/NY-NYUMC133/2020|EPI_ISL_424940|2020-04-01|queens,GGG
1127,hCoV-19/USA/NY-NYUMC136/2020|EPI_ISL_424943|2020-04-01|queens,GGG
1128,hCoV-19/USA/NY-NYUMC157/2020|EPI_ISL_424964|2020-04-01|queens,GGG
1129,hCoV-19/USA/NY-NYUMC159/2020|EPI_ISL_424966|2020-04-01|queens,GGG
1130,hCoV-19/USA/NY-Wadsworth-27073-01/2020|EPI_ISL_426295|2020-03-22|queens,GGG
1131,hCoV-19/USA/NY-NYUMC181/2020|EPI_ISL_427477|2020-04-01|queens,GGG
1132,hCoV-19/USA/NY-NYUMC184/2020|EPI_ISL_427480|2020-04-01|queens,GGG
1133,hCoV-19/USA/NY-NYUMC193/2020|EPI_ISL_427488|2020-04-01|queens,GGG
1134,hCoV-19/USA/NY-NYUMC197/2020|EPI_ISL_427492|2020-04-01|queens,GGG
1135,hCoV-19/USA/NY-NYUMC229/2020|EPI_ISL_427629|2020-03-30|queens,GGG
1136,hCoV-19/USA/NY-NYUMC232/2020|EPI_ISL_427632|2020-04-06|queens,GGG
1137,hCoV-19/USA/NY-NYUMC238/2020|EPI_ISL_427637|2020-04-06|queens,GGG
1138,hCoV-19/USA/NY-NYUMC240/2020|EPI_ISL_427639|2020-04-06|queens,GGG
1139,hCoV-19/USA/NY-NYUMC251/2020|EPI_ISL_428765|2020-04-03|queens,GGG
1140,hCoV-19/USA/NY-NYUMC265/2020|EPI_ISL_428779|2020-04-06|queens,GGG
1141,hCoV-19/USA/NY-NYUMC291/2020|EPI_ISL_428805|2020-04-06|queens,GGG
1142,hCoV-19/USA/NY-NYUMC296/2020|EPI_ISL_430323|2020-04-10|queens,GGG
1143,hCoV-19/USA/NY-NYUMC315/2020|EPI_ISL_430342|2020-03-30|queens,GGG
1144,hCoV-19/USA/NY-NYUMC323/2020|EPI_ISL_430350|2020-04-02|queens,GGG
1145,hCoV-19/USA/NY-NYUMC333/2020|EPI_ISL_430360|2020-04-07|queens,GGG
1146,hCoV-19/USA/NY-NYUMC343/2020|EPI_ISL_430370|2020-04-08|queens,GGG
1147,hCoV-19/USA/NY-NYUMC353/2020|EPI_ISL_430380|2020-04-08|queens,GGG
1148,hCoV-19/USA/NY-NYUMC361/2020|EPI_ISL_430388|2020-04-09|queens,GGG
1149,hCoV-19/USA/NY-NYUMC364/2020|EPI_ISL_430391|2020-04-09|queens,GGG
1150,hCoV-19/USA/NY-NYUMC395/2020|EPI_ISL_430422|2020-04-13|queens,GGG
1151,hCoV-19/USA/NY-NYUMC396/2020|EPI_ISL_430423|2020-04-11|queens,AAC
1152,hCoV-19/USA/NY-NYUMC406/2020|EPI_ISL_430433|2020-04-13|queens,AAC
1153,hCoV-19/USA/NY-NYUMC407/2020|EPI_ISL_430434|2020-04-12|queens,GGG
1154,hCoV-19/USA/NY-NYUMC425/2020|EPI_ISL_435492|2020-04-20|queens,GGG
1155,hCoV-19/USA/NY-NYUMC432/2020|EPI_ISL_435499|2020-04-20|queens,GGG
1156,hCoV-19/USA/NY-NYUMC436/2020|EPI_ISL_435503|2020-04-20|queens,GGG
1157,hCoV-19/USA/NY-NYUMC445/2020|EPI_ISL_435512|2020-04-15|queens,GGG
1158,hCoV-19/USA/NY-NYUMC455/2020|EPI_ISL_435521|2020-04-20|queens,GGG
1159,hCoV-19/USA/NY-NYUMC456/2020|EPI_ISL_435522|2020-04-20|queens,GGG
1160,hCoV-19/USA/NY-NYUMC462/2020|EPI_ISL_435528|2020-04-20|queens,GGG
1161,hCoV-19/USA/NY-NYUMC469/2020|EPI_ISL_435534|2020-04-20|queens,GGG
1162,hCoV-19/USA/NY-NYUMC496/2020|EPI_ISL_444613|2020-04-03|queens,GGG
1163,hCoV-19/USA/NY-NYUMC504/2020|EPI_ISL_444621|2020-03-30|queens,GGG
1164,hCoV-19/USA/NY-NYUMC508/2020|EPI_ISL_444625|2020-03-30|queens,GGG
1165,hCoV-19/USA/NY-NYUMC511/2020|EPI_ISL_444628|2020-03-30|queens,GGG
1166,hCoV-19/USA/NY-NYUMC514/2020|EPI_ISL_444631|2020-03-30|queens,AAC
1167,hCoV-19/USA/NY-NYUMC515/2020|EPI_ISL_444632|2020-03-30|queens,GGG
1168,hCoV-19/USA/NY-NYUMC521/2020|EPI_ISL_444638|2020-03-30|queens,GGG
1169,hCoV-19/USA/NY-NYUMC535/2020|EPI_ISL_444652|2020-03-30|queens,GGG
1170,hCoV-19/USA/NY-NYUMC539/2020|EPI_ISL_444656|2020-03-30|queens,GGG
1171,hCoV-19/USA/NY-NYUMC541/2020|EPI_ISL_444658|2020-03-30|queens,GGG
1172,hCoV-19/USA/NY-NYUMC542/2020|EPI_ISL_444659|2020-03-30|queens,GGG
1173,hCoV-19/USA/NY-NYUMC543/2020|EPI_ISL_444660|2020-03-30|queens,GGG
1174,hCoV-19/USA/NY-NYUMC556/2020|EPI_ISL_444673|2020-03-31|queens,AAC
1175,hCoV-19/USA/NY-NYUMC560/2020|EPI_ISL_444677|2020-03-31|queens,GGG
1176,hCoV-19/USA/NY-NYUMC567/2020|EPI_ISL_444684|2020-03-30|queens,GGG
1177,hCoV-19/USA/NY-NYUMC574/2020|EPI_ISL_444691|2020-03-30|queens,GGG
1178,hCoV-19/USA/NY-NYUMC577/2020|EPI_ISL_444694|2020-03-30|queens,GGG
1179,hCoV-19/USA/NY-NYUMC583/2020|EPI_ISL_444700|2020-03-30|queens,GGG
1180,hCoV-19/USA/NY-NYUMC587/2020|EPI_ISL_444704|2020-03-30|queens,GGG
1181,hCoV-19/USA/NY-NYUMC589/2020|EPI_ISL_444706|2020-03-31|queens,GGG
1182,hCoV-19/USA/NY-NYUMC590/2020|EPI_ISL_444707|2020-04-03|queens,GGG
1183,hCoV-19/USA/NY-NYUMC594/2020|EPI_ISL_444711|2020-04-02|queens,GGG
1184,hCoV-19/USA/NY-NYUMC597/2020|EPI_ISL_444714|2020-04-03|queens,GGG
1185,hCoV-19/USA/NY-NYUMC598/2020|EPI_ISL_444715|2020-04-03|queens,GGG
1186,hCoV-19/USA/NY-NYUMC601/2020|EPI_ISL_444718|2020-04-03|queens,AAC
1187,hCoV-19/USA/NY-NYUMC602/2020|EPI_ISL_444719|2020-04-03|queens,GGG
1188,hCoV-19/USA/NY-NYUMC611/2020|EPI_ISL_444728|2020-04-01|queens,GGG
1189,hCoV-19/USA/NY-NYUMC617/2020|EPI_ISL_444734|2020-04-02|queens,GGG
1190,hCoV-19/USA/NY-NYUMC619/2020|EPI_ISL_444736|2020-04-02|queens,GGG
1191,hCoV-19/USA/NY-NYUMC647/2020|EPI_ISL_444764|2020-04-02|queens,GGG
1192,hCoV-19/USA/NY-NYUMC654/2020|EPI_ISL_444771|2020-04-10|queens,GGG
1193,hCoV-19/USA/NY-NYUMC659/2020|EPI_ISL_444776|2020-03-18|queens,GGG
1194,hCoV-19/USA/NY-NYUMC664/2020|EPI_ISL_444781|2020-03-18|queens,GGG
1195,hCoV-19/USA/NY-PV09312/2020|EPI_ISL_450004|2020-03-21|queens,GGG
1196,hCoV-19/USA/NY-PV09314/2020|EPI_ISL_450006|2020-03-21|queens,GGG
1197,hCoV-19/USA/NY-PV09323/2020|EPI_ISL_450012|2020-03-18|queens,GGG
1198,hCoV-19/USA/NY-PV09326/2020|EPI_ISL_450015|2020-03-18|queens,GGG
1199,hCoV-19/USA/NY-PV09334/2020|EPI_ISL_450022|2020-03-18|queens,GGG
1200,hCoV-19/USA/NY-PV09354/2020|EPI_ISL_450042|2020-03-24|queens,GGG
1201,hCoV-19/USA/NY-PV09355/2020|EPI_ISL_450043|2020-03-16|queens,GGG
1202,hCoV-19/USA/NY-PV09357/2020|EPI_ISL_450045|2020-03-15|queens,GGG
1203,hCoV-19/USA/NY-PV09368/2020|EPI_ISL_450053|2020-03-17|queens,GGG
1204,hCoV-19/USA/NY-PV09371/2020|EPI_ISL_450056|2020-03-19|queens,GGG
1205,hCoV-19/USA/NY-PV09375/2020|EPI_ISL_450059|2020-03-19|queens,GGG
1206,hCoV-19/USA/NY-PV09378/2020|EPI_ISL_450061|2020-03-19|queens,GGG
1207,hCoV-19/USA/NY-PV09382/2020|EPI_ISL_450065|2020-03-19|queens,GGG
1208,hCoV-19/USA/NY-PV09428/2020|EPI_ISL_450105|2020-03-13|queens,GGG
1209,hCoV-19/USA/NY-PV09441/2020|EPI_ISL_450118|2020-03-12|queens,GGG
1210,hCoV-19/USA/NY-PV09444/2020|EPI_ISL_450120|2020-03-04|queens,GGG
1211,hCoV-19/USA/NY-PV09446/2020|EPI_ISL_450121|2020-03-12|queens,GGG
1212,hCoV-19/USA/NY-PV09463/2020|EPI_ISL_450136|2020-03-19|queens,GGG
1213,hCoV-19/USA/NY-PV09478/2020|EPI_ISL_450150|2020-03-20|queens,AAC
1214,hCoV-19/USA/NY-PV09480/2020|EPI_ISL_450152|2020-03-20|queens,GGG
1215,hCoV-19/USA/NY-PV09482/2020|EPI_ISL_450154|2020-03-20|queens,GGG
1216,hCoV-19/USA/NY-PV09483/2020|EPI_ISL_450155|2020-03-20|queens,GGG
1217,hCoV-19/USA/NY-PV09485/2020|EPI_ISL_450157|2020-03-20|queens,GGG
1218,hCoV-19/USA/NY-PV09496/2020|EPI_ISL_450168|2020-03-20|queens,GGG
1219,hCoV-19/USA/NY-NYUMC683/2020|EPI_ISL_450400|2020-04-03|queens,AGG
1220,hCoV-19/USA/NY-NYUMC684/2020|EPI_ISL_450401|2020-04-01|queens,GGG
1221,hCoV-19/USA/NY-NYUMC699/2020|EPI_ISL_451414|2020-03-26|queens,GGG
1222,hCoV-19/USA/NY-NYUMC706/2020|EPI_ISL_451421|2020-03-26|queens,GGG
1223,hCoV-19/USA/NY-NYUMC708/2020|EPI_ISL_451423|2020-03-26|queens,GGG
1224,hCoV-19/USA/NY-NYUMC732/2020|EPI_ISL_451447|2020-03-26|queens,GGG
1225,hCoV-19/USA/NY-NYUMC743/2020|EPI_ISL_451458|2020-03-26|queens,GGG
1226,hCoV-19/USA/NY-NYUMC748/2020|EPI_ISL_451463|2020-03-20|queens,GGG
1227,hCoV-19/USA/NY-NYUMC765/2020|EPI_ISL_451479|2020-03-21|queens,GGG
1228,hCoV-19/USA/NY-NYUMC767/2020|EPI_ISL_456004|2020-03-27|queens,GGG
1229,hCoV-19/USA/NY-NYUMC774/2020|EPI_ISL_456011|2020-03-27|queens,GGG
1230,hCoV-19/USA/NY-NYUMC786/2020|EPI_ISL_456023|2020-03-25|queens,GGG
1231,hCoV-19/USA/NY-NYUMC802/2020|EPI_ISL_456038|2020-03-27|queens,GGG
1232,hCoV-19/USA/NY-NYUMC806/2020|EPI_ISL_456042|2020-03-25|queens,AAC
1233,hCoV-19/USA/NY-NYUMC808/2020|EPI_ISL_456044|2020-03-27|queens,GGG
1234,hCoV-19/USA/NY-NYUMC811/2020|EPI_ISL_456047|2020-03-27|queens,GGG
1235,hCoV-19/USA/NY-NYUMC882/2020|EPI_ISL_458021|2020-03-18|queens,GGG
1236,hCoV-19/USA/NY-NYUMC885/2020|EPI_ISL_467378|2020-04-25|queens,GGG
1237,hCoV-19/USA/NY-NYUMC891/2020|EPI_ISL_467384|2020-05-10|queens,GGG
1238,hCoV-19/USA/NY-NYUMC912/2020|EPI_ISL_467405|2020-05-08|queens,GGG
1239,hCoV-19/USA/NY-NYUMC919/2020|EPI_ISL_467412|2020-03-18|queens,GGG
1240,hCoV-19/USA/NY-NYUMC920/2020|EPI_ISL_467413|2020-03-18|queens,GGG
